Ours,10,744219537.000000
Ours,10,1111638907.000000
Ours,10,1026606900.000000
Ours,10,10302102122.000000
Ours,10,19941378297.000000
Ours,10,9371124698.000000
Ours,10,953717616.000000
Ours,10,1135341068.000000
Ours,10,4305349626.000000
Ours,10,704689133.000000
Ours,10,813615870.000000
Ours,10,1638472299.000000
Ours,10,1406734102.000000
Ours,10,2224418984.000000
Ours,10,9549128722.000000
Ours,10,973047598.000000
Ours,10,3237529041.000000
Ours,10,1664797664.000000
Ours,10,884086593.000000
Ours,10,602460980.000000
Ours,10,18650764886.000000
Ours,10,1071650406.000000
Ours,10,738736880.000000
Ours,10,935927578.000000
Ours,10,1247194397.000000
Ours,10,874606973.000000
Ours,10,4427625823.000000
Ours,10,875993574.000000
Ours,10,2479791544.000000
Ours,10,3001782077.000000
Ours,10,35569977199.000000
Ours,10,707243000.000000
Ours,10,705156202.000000
Ours,10,9546764605.000000
Ours,10,4502375975.000000
Ours,10,974097029.000000
Ours,10,1228970856.000000
Ours,10,1790682283.000000
Ours,10,18942079202.000000
Ours,10,1162428768.000000
Ours,10,735671543.000000
Ours,10,1815938400.000000
Ours,10,5440759521.000000
Ours,10,886181002.000000
Ours,10,14740604550.000000
Ours,10,3262876048.000000
Ours,10,32880053766.000000
Ours,10,1267302430.000000
Ours,10,1561819861.000000
Ours,10,1363184429.000000
Ours,10,795833940.000000
Ours,10,695569429.000000
Ours,10,5186670711.000000
Ours,10,7866533864.000000
Ours,10,878843940.000000
Ours,10,771722115.000000
Ours,10,17231341186.000000
Ours,10,1607485404.000000
Ours,10,1072979970.000000
Ours,10,986326238.000000
Ours,10,1058663057.000000
Ours,10,5099183777.000000
Ours,10,801770282.000000
Ours,10,1061537310.000000
Ours,10,15917105522.000000
Ours,10,688451101.000000
Ours,10,724542938.000000
Ours,10,14367612162.000000
Ours,10,1439716863.000000
Ours,10,823678459.000000
Ours,10,14184432229.000000
Ours,10,1380941838.000000
Ours,10,741510868.000000
Ours,10,912234095.000000
Ours,10,961706802.000000
Ours,10,814341426.000000
Ours,10,779753579.000000
Ours,10,1213056944.000000
Ours,10,724244001.000000
Ours,10,709391914.000000
Ours,10,989236642.000000
Ours,10,25917624630.000000
Ours,10,837739844.000000
Ours,10,788236053.000000
Ours,10,901207027.000000
Ours,10,777350995.000000
Ours,10,2353237126.000000
Ours,10,816872593.000000
Ours,10,1368427238.000000
Ours,10,1192526952.000000
Ours,10,1213028882.000000
Ours,10,14318526891.000000
Ours,10,848430022.000000
Ours,10,900956265.000000
Ours,10,1109042270.000000
Ours,10,6319023475.000000
Ours,10,1265061248.000000
Ours,10,932131761.000000
Ours,10,1143499717.000000
Ours,10,16682794842.000000
Ours,25,1079663821.000000
Ours,25,14409472240.000000
Ours,25,1502393592.000000
Ours,25,871873810.000000
Ours,25,4205712924.000000
Ours,25,1062407648.000000
Ours,25,836897853.000000
Ours,25,18755675010.000000
Ours,25,892600184.000000
Ours,25,1544148027.000000
Ours,25,946406207.000000
Ours,25,1182768889.000000
Ours,25,12188068249.000000
Ours,25,2797771360.000000
Ours,25,889753916.000000
Ours,25,11497539336.000000
Ours,25,891197179.000000
Ours,25,21547656855.000000
Ours,25,918479415.000000
Ours,25,5561055963.000000
Ours,25,828796070.000000
Ours,25,917220593.000000
Ours,25,935015347.000000
Ours,25,877407166.000000
Ours,25,852488024.000000
Ours,25,13789411619.000000
Ours,25,17528934611.000000
Ours,25,1022486139.000000
Ours,25,1135601867.000000
Ours,25,982744987.000000
Ours,25,774657899.000000
Ours,25,1308494732.000000
Ours,25,4728753708.000000
Ours,25,1340062703.000000
Ours,25,1159652941.000000
Ours,25,1952876885.000000
Ours,25,5444851288.000000
Ours,25,612964791.000000
Ours,25,2959528253.000000
Ours,25,824259687.000000
Ours,25,19047328009.000000
Ours,25,1075524455.000000
Ours,25,919208718.000000
Ours,25,10677292403.000000
Ours,25,910555160.000000
Ours,25,627270232.000000
Ours,25,789363544.000000
Ours,25,3685451921.000000
Ours,25,819155033.000000
Ours,25,1355670334.000000
Ours,25,1473363590.000000
Ours,25,797363912.000000
Ours,25,743544656.000000
Ours,25,22215006128.000000
Ours,25,1009298998.000000
Ours,25,933324937.000000
Ours,25,783958598.000000
Ours,25,557061032.000000
Ours,25,952937279.000000
Ours,25,16895558731.000000
Ours,25,1046970377.000000
Ours,25,914157012.000000
Ours,25,866756623.000000
Ours,25,774081861.000000
Ours,25,1312168507.000000
Ours,25,977026050.000000
Ours,25,1577679194.000000
Ours,25,1707769458.000000
Ours,25,3631307944.000000
Ours,25,3608147578.000000
Ours,25,1941742995.000000
Ours,25,903710401.000000
Ours,25,4699225921.000000
Ours,25,1201255976.000000
Ours,25,12141135420.000000
Ours,25,15347999783.000000
Ours,25,14213739088.000000
Ours,25,915303545.000000
Ours,25,2119709939.000000
Ours,25,18574464151.000000
Ours,25,12712462767.000000
Ours,25,1409944991.000000
Ours,25,972363098.000000
Ours,25,1046000087.000000
Ours,25,1384822249.000000
Ours,25,11168750611.000000
Ours,25,9416935679.000000
Ours,25,832030848.000000
Ours,25,558299425.000000
Ours,25,638892190.000000
Ours,25,1508858489.000000
Ours,25,1112161762.000000
Ours,25,612538199.000000
Ours,25,13071418604.000000
Ours,25,830584692.000000
Ours,25,1123531599.000000
Ours,25,994486202.000000
Ours,25,5397947546.000000
Ours,25,689001275.000000
Ours,25,6224448412.000000
Ours,50,1387470844.000000
Ours,50,7727024993.000000
Ours,50,2818017249.000000
Ours,50,1165757859.000000
Ours,50,997757047.000000
Ours,50,6746442851.000000
Ours,50,979572428.000000
Ours,50,1161483630.000000
Ours,50,11070260633.000000
Ours,50,6690564605.000000
Ours,50,16891203874.000000
Ours,50,831973127.000000
Ours,50,2042280741.000000
Ours,50,10623740475.000000
Ours,50,9639217517.000000
Ours,50,17452893924.000000
Ours,50,13353126257.000000
Ours,50,5131180337.000000
Ours,50,1079969682.000000
Ours,50,1582795547.000000
Ours,50,947499067.000000
Ours,50,4903135624.000000
Ours,50,4532319696.000000
Ours,50,898461735.000000
Ours,50,1962142733.000000
Ours,50,9773989713.000000
Ours,50,1023445735.000000
Ours,50,737068046.000000
Ours,50,1076921332.000000
Ours,50,870342296.000000
Ours,50,756118620.000000
Ours,50,3208196236.000000
Ours,50,21055085183.000000
Ours,50,851821985.000000
Ours,50,657497618.000000
Ours,50,706516877.000000
Ours,50,1071834603.000000
Ours,50,15469839214.000000
Ours,50,638654078.000000
Ours,50,684933231.000000
Ours,50,1228494315.000000
Ours,50,1182608502.000000
Ours,50,864343961.000000
Ours,50,831671885.000000
Ours,50,11505990557.000000
Ours,50,6564319599.000000
Ours,50,1084828972.000000
Ours,50,781077313.000000
Ours,50,1079189461.000000
Ours,50,15429111518.000000
Ours,50,14801791846.000000
Ours,50,1016044591.000000
Ours,50,14464288934.000000
Ours,50,9264390086.000000
Ours,50,721785692.000000
Ours,50,596095598.000000
Ours,50,1227711367.000000
Ours,50,5346633313.000000
Ours,50,1059787849.000000
Ours,50,10402400161.000000
Ours,50,1349230455.000000
Ours,50,1248733418.000000
Ours,50,881966413.000000
Ours,50,4716475903.000000
Ours,50,13705417029.000000
Ours,50,806464842.000000
Ours,50,3141696018.000000
Ours,50,3857145964.000000
Ours,50,951976416.000000
Ours,50,702050187.000000
Ours,50,990011473.000000
Ours,50,10451407683.000000
Ours,50,7216842487.000000
Ours,50,904194328.000000
Ours,50,1219005293.000000
Ours,50,1185277244.000000
Ours,50,1044255609.000000
Ours,50,1073755006.000000
Ours,50,916676511.000000
Ours,50,904918436.000000
Ours,50,1966170559.000000
Ours,50,1527384762.000000
Ours,50,1172171624.000000
Ours,50,914608539.000000
Ours,50,15345624693.000000
Ours,50,621313861.000000
Ours,50,1416681352.000000
Ours,50,1401776271.000000
Ours,50,19084751299.000000
Ours,50,767582265.000000
Ours,50,861578747.000000
Ours,50,1056170790.000000
Ours,50,998086165.000000
Ours,50,873331279.000000
Ours,50,11859850643.000000
Ours,50,1209992404.000000
Ours,50,671430811.000000
Ours,50,875139266.000000
Ours,50,867751102.000000
Ours,50,647695864.000000
Ours,100,1224945705.000000
Ours,100,10402475373.000000
Ours,100,593413670.000000
Ours,100,976320293.000000
Ours,100,2873507355.000000
Ours,100,534242399.000000
Ours,100,16797506560.000000
Ours,100,1202246656.000000
Ours,100,17216932173.000000
Ours,100,1052405202.000000
Ours,100,914005950.000000
Ours,100,717363720.000000
Ours,100,2986621103.000000
Ours,100,761590594.000000
Ours,100,5075040119.000000
Ours,100,826071059.000000
Ours,100,12205434661.000000
Ours,100,589226558.000000
Ours,100,996754443.000000
Ours,100,1222943333.000000
Ours,100,1089425683.000000
Ours,100,4511569496.000000
Ours,100,572289114.000000
Ours,100,1019512047.000000
Ours,100,13084807757.000000
Ours,100,633480727.000000
Ours,100,600631916.000000
Ours,100,674431853.000000
Ours,100,1982647233.000000
Ours,100,821679917.000000
Ours,100,732776093.000000
Ours,100,628490375.000000
Ours,100,873173608.000000
Ours,100,7140045653.000000
Ours,100,3618554919.000000
Ours,100,928098247.000000
Ours,100,7069144730.000000
Ours,100,867948041.000000
Ours,100,3245926434.000000
Ours,100,656951345.000000
Ours,100,11862130590.000000
Ours,100,730703536.000000
Ours,100,629086302.000000
Ours,100,12331425690.000000
Ours,100,10832171371.000000
Ours,100,19374267919.000000
Ours,100,1318398861.000000
Ours,100,843674004.000000
Ours,100,1369656544.000000
Ours,100,3139868229.000000
Ours,100,15624148321.000000
Ours,100,18091998481.000000
Ours,100,588404133.000000
Ours,100,9445232092.000000
Ours,100,997229040.000000
Ours,100,980966551.000000
Ours,100,3814714808.000000
Ours,100,754454785.000000
Ours,100,2096524633.000000
Ours,100,903447218.000000
Ours,100,905649112.000000
Ours,100,935193073.000000
Ours,100,1082987608.000000
Ours,100,2069720270.000000
Ours,100,11302282550.000000
Ours,100,793021231.000000
Ours,100,877436829.000000
Ours,100,8887102643.000000
Ours,100,3178925143.000000
Ours,100,886786724.000000
Ours,100,697255399.000000
Ours,100,1122051555.000000
Ours,100,710527269.000000
Ours,100,3543963522.000000
Ours,100,676636465.000000
Ours,100,5273531101.000000
Ours,100,656364563.000000
Ours,100,2753570800.000000
Ours,100,1002507840.000000
Ours,100,1119023324.000000
Ours,100,953274968.000000
Ours,100,14800282076.000000
Ours,100,1220444913.000000
Ours,100,1777960202.000000
Ours,100,8384935313.000000
Ours,100,4880893525.000000
Ours,100,1138962311.000000
Ours,100,1071484344.000000
Ours,100,882753310.000000
Ours,100,3786192028.000000
Ours,100,15803120474.000000
Ours,100,579412916.000000
Ours,100,846460043.000000
Ours,100,817852872.000000
Ours,100,788719202.000000
Ours,100,944943885.000000
Ours,100,976506638.000000
Ours,100,920837992.000000
Ours,100,619891621.000000
Ours,100,810518732.000000
Ours,250,1025879730.000000
Ours,250,1187203700.000000
Ours,250,979019613.000000
Ours,250,1168982360.000000
Ours,250,7657492285.000000
Ours,250,5444247112.000000
Ours,250,1581283754.000000
Ours,250,844890993.000000
Ours,250,603286061.000000
Ours,250,1084138305.000000
Ours,250,830242983.000000
Ours,250,4033424754.000000
Ours,250,982458776.000000
Ours,250,1400593231.000000
Ours,250,7364853323.000000
Ours,250,1088977562.000000
Ours,250,1647945178.000000
Ours,250,710182131.000000
Ours,250,6894699669.000000
Ours,250,7783534124.000000
Ours,250,1117124574.000000
Ours,250,629768237.000000
Ours,250,4767769276.000000
Ours,250,1687818452.000000
Ours,250,13323258907.000000
Ours,250,776389498.000000
Ours,250,885091822.000000
Ours,250,928517690.000000
Ours,250,13492404281.000000
Ours,250,682642562.000000
Ours,250,810500955.000000
Ours,250,18141827079.000000
Ours,250,19186950505.000000
Ours,250,3700547376.000000
Ours,250,757511333.000000
Ours,250,531771817.000000
Ours,250,11414316623.000000
Ours,250,12070869559.000000
Ours,250,1353128126.000000
Ours,250,1028113560.000000
Ours,250,949375513.000000
Ours,250,1198735336.000000
Ours,250,1083466206.000000
Ours,250,1005727977.000000
Ours,250,718330926.000000
Ours,250,954664267.000000
Ours,250,1368030697.000000
Ours,250,739563436.000000
Ours,250,7020765786.000000
Ours,250,1511800727.000000
Ours,250,1088201199.000000
Ours,250,1053337743.000000
Ours,250,1585733150.000000
Ours,250,811507565.000000
Ours,250,891440709.000000
Ours,250,20705936569.000000
Ours,250,837819534.000000
Ours,250,17624541626.000000
Ours,250,18408417547.000000
Ours,250,1095681241.000000
Ours,250,1008059113.000000
Ours,250,3266152444.000000
Ours,250,15331230943.000000
Ours,250,4545124950.000000
Ours,250,668813449.000000
Ours,250,20161559469.000000
Ours,250,858568780.000000
Ours,250,9401834231.000000
Ours,250,14139226761.000000
Ours,250,2871117914.000000
Ours,250,1298031281.000000
Ours,250,1165351926.000000
Ours,250,5175736601.000000
Ours,250,654021274.000000
Ours,250,998287333.000000
Ours,250,19459784966.000000
Ours,250,1485784029.000000
Ours,250,14861877193.000000
Ours,250,3443113679.000000
Ours,250,3075067248.000000
Ours,250,774482602.000000
Ours,250,1096426253.000000
Ours,250,11897994004.000000
Ours,250,754707989.000000
Ours,250,1893735958.000000
Ours,250,916145182.000000
Ours,250,14859849011.000000
Ours,250,1119143690.000000
Ours,250,811080155.000000
Ours,250,5881609806.000000
Ours,250,10387020607.000000
Ours,250,849341140.000000
Ours,250,641250501.000000
Ours,250,14031178741.000000
Ours,250,1445617383.000000
Ours,250,5181729754.000000
Ours,250,15546392581.000000
Ours,250,723102431.000000
Ours,250,594632705.000000
Ours,250,1268502522.000000
Ours,500,2408897511.000000
Ours,500,4752879914.000000
Ours,500,1026595985.000000
Ours,500,1036148287.000000
Ours,500,930672208.000000
Ours,500,1032518850.000000
Ours,500,973049732.000000
Ours,500,1144996365.000000
Ours,500,4893969369.000000
Ours,500,1411032340.000000
Ours,500,1170703419.000000
Ours,500,888561656.000000
Ours,500,1029824699.000000
Ours,500,792045719.000000
Ours,500,21558486590.000000
Ours,500,1424034043.000000
Ours,500,985841086.000000
Ours,500,1063143638.000000
Ours,500,747943112.000000
Ours,500,1040907293.000000
Ours,500,833695262.000000
Ours,500,1015330731.000000
Ours,500,8327593032.000000
Ours,500,1163411771.000000
Ours,500,17485845277.000000
Ours,500,1064665693.000000
Ours,500,937698972.000000
Ours,500,1023838476.000000
Ours,500,660827510.000000
Ours,500,2944878272.000000
Ours,500,1186516061.000000
Ours,500,4342276021.000000
Ours,500,15152760111.000000
Ours,500,647028003.000000
Ours,500,9612693881.000000
Ours,500,1141672318.000000
Ours,500,763961539.000000
Ours,500,20056546196.000000
Ours,500,629799789.000000
Ours,500,1095300705.000000
Ours,500,1031767453.000000
Ours,500,16868995114.000000
Ours,500,6090836207.000000
Ours,500,707644297.000000
Ours,500,990155683.000000
Ours,500,515219577.000000
Ours,500,16872289757.000000
Ours,500,953441307.000000
Ours,500,914472350.000000
Ours,500,1044832063.000000
Ours,500,7963398711.000000
Ours,500,614200171.000000
Ours,500,1468745336.000000
Ours,500,6371139870.000000
Ours,500,5815213219.000000
Ours,500,3180044168.000000
Ours,500,8900592987.000000
Ours,500,1027870910.000000
Ours,500,932193639.000000
Ours,500,1046607376.000000
Ours,500,820404076.000000
Ours,500,954600770.000000
Ours,500,1197828579.000000
Ours,500,1000427915.000000
Ours,500,627818739.000000
Ours,500,1178929931.000000
Ours,500,3378617988.000000
Ours,500,4672011210.000000
Ours,500,734819152.000000
Ours,500,691026857.000000
Ours,500,1053987436.000000
Ours,500,643049360.000000
Ours,500,1764461792.000000
Ours,500,1665563712.000000
Ours,500,720693216.000000
Ours,500,1876862061.000000
Ours,500,721261156.000000
Ours,500,10404005584.000000
Ours,500,10841254268.000000
Ours,500,6542933284.000000
Ours,500,788069647.000000
Ours,500,1033797550.000000
Ours,500,1028584597.000000
Ours,500,2397395273.000000
Ours,500,1007808813.000000
Ours,500,15180224749.000000
Ours,500,913908114.000000
Ours,500,5641233133.000000
Ours,500,1083298710.000000
Ours,500,1780791771.000000
Ours,500,863715851.000000
Ours,500,1114679439.000000
Ours,500,768056121.000000
Ours,500,684323766.000000
Ours,500,980381111.000000
Ours,500,1026723201.000000
Ours,500,2270715501.000000
Ours,500,1243197097.000000
Ours,500,592501967.000000
Ours,500,1068841251.000000
Ours,1000,2742644911.000000
Ours,1000,526919470.000000
Ours,1000,7666120885.000000
Ours,1000,14338277108.000000
Ours,1000,1678716015.000000
Ours,1000,1218054905.000000
Ours,1000,18459271164.000000
Ours,1000,620512999.000000
Ours,1000,872194715.000000
Ours,1000,15939228841.000000
Ours,1000,1500343257.000000
Ours,1000,1751942277.000000
Ours,1000,3051236132.000000
Ours,1000,1080431245.000000
Ours,1000,1078607119.000000
Ours,1000,1015524026.000000
Ours,1000,571914516.000000
Ours,1000,2386566125.000000
Ours,1000,18279056811.000000
Ours,1000,10266092832.000000
Ours,1000,4658157485.000000
Ours,1000,1325639135.000000
Ours,1000,657076739.000000
Ours,1000,1894956907.000000
Ours,1000,1111836335.000000
Ours,1000,7819226913.000000
Ours,1000,13308614815.000000
Ours,1000,3448906149.000000
Ours,1000,1134189269.000000
Ours,1000,9077373126.000000
Ours,1000,689479223.000000
Ours,1000,1174770228.000000
Ours,1000,1342896406.000000
Ours,1000,9010728099.000000
Ours,1000,2280876001.000000
Ours,1000,1229216643.000000
Ours,1000,1450159717.000000
Ours,1000,569371169.000000
Ours,1000,674894788.000000
Ours,1000,19571918106.000000
Ours,1000,8965531489.000000
Ours,1000,808129879.000000
Ours,1000,556984996.000000
Ours,1000,2369599192.000000
Ours,1000,6606514711.000000
Ours,1000,872596197.000000
Ours,1000,1039989921.000000
Ours,1000,1252651819.000000
Ours,1000,1893582990.000000
Ours,1000,642364147.000000
Ours,1000,709920760.000000
Ours,1000,9522721533.000000
Ours,1000,1033404801.000000
Ours,1000,6016278668.000000
Ours,1000,1143406360.000000
Ours,1000,973030145.000000
Ours,1000,953845212.000000
Ours,1000,2531242533.000000
Ours,1000,545954401.000000
Ours,1000,903627770.000000
Ours,1000,1111945205.000000
Ours,1000,20518750450.000000
Ours,1000,1996566784.000000
Ours,1000,953262588.000000
Ours,1000,592758107.000000
Ours,1000,13810719562.000000
Ours,1000,3450493895.000000
Ours,1000,561266483.000000
Ours,1000,1091835785.000000
Ours,1000,20902572370.000000
Ours,1000,1241928428.000000
Ours,1000,16026944676.000000
Ours,1000,18892188124.000000
Ours,1000,15652035627.000000
Ours,1000,2721264107.000000
Ours,1000,1289463824.000000
Ours,1000,14688586664.000000
Ours,1000,708818927.000000
Ours,1000,1063143586.000000
Ours,1000,653589501.000000
Ours,1000,1042915236.000000
Ours,1000,1109457270.000000
Ours,1000,1153361119.000000
Ours,1000,881550588.000000
Ours,1000,950651379.000000
Ours,1000,714844442.000000
Ours,1000,10736654725.000000
Ours,1000,1133772888.000000
Ours,1000,806279468.000000
Ours,1000,1127775787.000000
Ours,1000,1061958061.000000
Ours,1000,1159609948.000000
Ours,1000,630813689.000000
Ours,1000,8691786724.000000
Ours,1000,1055712414.000000
Ours,1000,850236403.000000
Ours,1000,987614179.000000
Ours,1000,1178751132.000000
Ours,1000,1066473654.000000
Ours,1000,1084540020.000000
Ours,2500,15683743702.000000
Ours,2500,985657345.000000
Ours,2500,755595316.000000
Ours,2500,1488974092.000000
Ours,2500,1031879351.000000
Ours,2500,655564687.000000
Ours,2500,20280247755.000000
Ours,2500,577617195.000000
Ours,2500,748884190.000000
Ours,2500,5815963980.000000
Ours,2500,1206508106.000000
Ours,2500,10838890593.000000
Ours,2500,517234522.000000
Ours,2500,2563792071.000000
Ours,2500,1171827058.000000
Ours,2500,743772692.000000
Ours,2500,852072452.000000
Ours,2500,923446780.000000
Ours,2500,766988909.000000
Ours,2500,1816405386.000000
Ours,2500,970239208.000000
Ours,2500,14446800700.000000
Ours,2500,792467581.000000
Ours,2500,1147264836.000000
Ours,2500,988776395.000000
Ours,2500,8918728010.000000
Ours,2500,1577380468.000000
Ours,2500,906456863.000000
Ours,2500,1083135176.000000
Ours,2500,858842733.000000
Ours,2500,5321717436.000000
Ours,2500,749331523.000000
Ours,2500,1128146216.000000
Ours,2500,726215958.000000
Ours,2500,1115786424.000000
Ours,2500,3294240052.000000
Ours,2500,1011585867.000000
Ours,2500,1240358244.000000
Ours,2500,644396785.000000
Ours,2500,557741463.000000
Ours,2500,4240897072.000000
Ours,2500,10477374410.000000
Ours,2500,3971483632.000000
Ours,2500,1182584786.000000
Ours,2500,576429637.000000
Ours,2500,1101007254.000000
Ours,2500,17294519969.000000
Ours,2500,1179723021.000000
Ours,2500,1305036506.000000
Ours,2500,869491450.000000
Ours,2500,1375065337.000000
Ours,2500,869043898.000000
Ours,2500,689184031.000000
Ours,2500,14872583141.000000
Ours,2500,17318155078.000000
Ours,2500,1084781622.000000
Ours,2500,973982451.000000
Ours,2500,773486545.000000
Ours,2500,1092650144.000000
Ours,2500,6480640704.000000
Ours,2500,821281298.000000
Ours,2500,1094766587.000000
Ours,2500,931338427.000000
Ours,2500,2165459184.000000
Ours,2500,823261383.000000
Ours,2500,2336899625.000000
Ours,2500,1006777315.000000
Ours,2500,1094853393.000000
Ours,2500,11021757969.000000
Ours,2500,605778637.000000
Ours,2500,711126286.000000
Ours,2500,1094912320.000000
Ours,2500,5379771601.000000
Ours,2500,15531640987.000000
Ours,2500,2168982174.000000
Ours,2500,728219554.000000
Ours,2500,13052966881.000000
Ours,2500,660412492.000000
Ours,2500,1062118311.000000
Ours,2500,11221461915.000000
Ours,2500,814051542.000000
Ours,2500,5870782674.000000
Ours,2500,930858382.000000
Ours,2500,1190885269.000000
Ours,2500,735205578.000000
Ours,2500,697925201.000000
Ours,2500,976461181.000000
Ours,2500,1124294505.000000
Ours,2500,754602635.000000
Ours,2500,12342119513.000000
Ours,2500,574798768.000000
Ours,2500,2684255218.000000
Ours,2500,4916145686.000000
Ours,2500,1082704394.000000
Ours,2500,1061543394.000000
Ours,2500,2052656174.000000
Ours,2500,3989656356.000000
Ours,2500,14717971966.000000
Ours,2500,585771783.000000
Ours,2500,3103673745.000000
Ours,5000,1114472731.000000
Ours,5000,767781535.000000
Ours,5000,20051995472.000000
Ours,5000,684224968.000000
Ours,5000,795914603.000000
Ours,5000,823719232.000000
Ours,5000,4230948063.000000
Ours,5000,628825691.000000
Ours,5000,14620456416.000000
Ours,5000,18684383106.000000
Ours,5000,952408154.000000
Ours,5000,1065215543.000000
Ours,5000,670133982.000000
Ours,5000,4401431676.000000
Ours,5000,873442194.000000
Ours,5000,2567348926.000000
Ours,5000,5472814638.000000
Ours,5000,6952983695.000000
Ours,5000,1082491470.000000
Ours,5000,5481718646.000000
Ours,5000,1039164047.000000
Ours,5000,564569973.000000
Ours,5000,1145200408.000000
Ours,5000,17110077494.000000
Ours,5000,782706947.000000
Ours,5000,716854439.000000
Ours,5000,14060111175.000000
Ours,5000,3174174335.000000
Ours,5000,1386864853.000000
Ours,5000,12451698435.000000
Ours,5000,4310501634.000000
Ours,5000,829201713.000000
Ours,5000,1004051868.000000
Ours,5000,573206599.000000
Ours,5000,1015497915.000000
Ours,5000,4535121906.000000
Ours,5000,5676435860.000000
Ours,5000,792455537.000000
Ours,5000,914850887.000000
Ours,5000,708848445.000000
Ours,5000,676522278.000000
Ours,5000,633203895.000000
Ours,5000,13174625933.000000
Ours,5000,1049459002.000000
Ours,5000,665453052.000000
Ours,5000,18555558988.000000
Ours,5000,1174110483.000000
Ours,5000,4236014181.000000
Ours,5000,778829386.000000
Ours,5000,4155810306.000000
Ours,5000,684189035.000000
Ours,5000,5751411439.000000
Ours,5000,1141999149.000000
Ours,5000,18007003762.000000
Ours,5000,1020837460.000000
Ours,5000,2371882465.000000
Ours,5000,8421070864.000000
Ours,5000,684084498.000000
Ours,5000,828391395.000000
Ours,5000,1064196399.000000
Ours,5000,677775810.000000
Ours,5000,16716306428.000000
Ours,5000,1111764529.000000
Ours,5000,20131541330.000000
Ours,5000,924999405.000000
Ours,5000,19514954870.000000
Ours,5000,795503608.000000
Ours,5000,4328124248.000000
Ours,5000,1087773954.000000
Ours,5000,3914141069.000000
Ours,5000,920957067.000000
Ours,5000,20505646912.000000
Ours,5000,600183788.000000
Ours,5000,1742869725.000000
Ours,5000,2257188238.000000
Ours,5000,1462336839.000000
Ours,5000,963121396.000000
Ours,5000,1053178679.000000
Ours,5000,670368428.000000
Ours,5000,838486402.000000
Ours,5000,842999868.000000
Ours,5000,19020287673.000000
Ours,5000,11090057343.000000
Ours,5000,738214639.000000
Ours,5000,1283350651.000000
Ours,5000,965588808.000000
Ours,5000,1099003894.000000
Ours,5000,1377870014.000000
Ours,5000,882883410.000000
Ours,5000,5761019334.000000
Ours,5000,1014078435.000000
Ours,5000,1044506486.000000
Ours,5000,904179476.000000
Ours,5000,695559887.000000
Ours,5000,996587797.000000
Ours,5000,949566661.000000
Ours,5000,995706610.000000
Ours,5000,1121682934.000000
Ours,5000,600981493.000000
Ours,5000,7872849861.000000
Ours (biased),10,813741904.000000
Ours (biased),10,542950091.000000
Ours (biased),10,961653969.000000
Ours (biased),10,633090820.000000
Ours (biased),10,1026153034.000000
Ours (biased),10,589531173.000000
Ours (biased),10,753127342.000000
Ours (biased),10,592801920.000000
Ours (biased),10,662640721.000000
Ours (biased),10,610991961.000000
Ours (biased),10,725297651.000000
Ours (biased),10,1101389353.000000
Ours (biased),10,1023030234.000000
Ours (biased),10,715053190.000000
Ours (biased),10,1062163127.000000
Ours (biased),10,554405951.000000
Ours (biased),10,825606598.000000
Ours (biased),10,606950094.000000
Ours (biased),10,1166229654.000000
Ours (biased),10,835566795.000000
Ours (biased),10,641129422.000000
Ours (biased),10,481297360.000000
Ours (biased),10,516299632.000000
Ours (biased),10,590715699.000000
Ours (biased),10,522307025.000000
Ours (biased),10,683486310.000000
Ours (biased),10,673624056.000000
Ours (biased),10,635027162.000000
Ours (biased),10,739819845.000000
Ours (biased),10,5375798115.000000
Ours (biased),10,522311414.000000
Ours (biased),10,707553500.000000
Ours (biased),10,565415395.000000
Ours (biased),10,739224163.000000
Ours (biased),10,570056272.000000
Ours (biased),10,706435748.000000
Ours (biased),10,657681643.000000
Ours (biased),10,602158693.000000
Ours (biased),10,507648786.000000
Ours (biased),10,499473329.000000
Ours (biased),10,885939551.000000
Ours (biased),10,791604604.000000
Ours (biased),10,558449813.000000
Ours (biased),10,522548206.000000
Ours (biased),10,576510379.000000
Ours (biased),10,1079033061.000000
Ours (biased),10,746131961.000000
Ours (biased),10,866377028.000000
Ours (biased),10,476437847.000000
Ours (biased),10,676227954.000000
Ours (biased),10,583136591.000000
Ours (biased),10,769830082.000000
Ours (biased),10,564942706.000000
Ours (biased),10,861536069.000000
Ours (biased),10,638626296.000000
Ours (biased),10,1177275356.000000
Ours (biased),10,1029485005.000000
Ours (biased),10,864444723.000000
Ours (biased),10,669314332.000000
Ours (biased),10,579580937.000000
Ours (biased),10,535207567.000000
Ours (biased),10,3137894539.000000
Ours (biased),10,927972870.000000
Ours (biased),10,28935742769.000000
Ours (biased),10,722431650.000000
Ours (biased),10,521756676.000000
Ours (biased),10,682638941.000000
Ours (biased),10,1113123651.000000
Ours (biased),10,13467891970.000000
Ours (biased),10,845601692.000000
Ours (biased),10,548539155.000000
Ours (biased),10,755994461.000000
Ours (biased),10,609743476.000000
Ours (biased),10,747675210.000000
Ours (biased),10,615716277.000000
Ours (biased),10,936715953.000000
Ours (biased),10,531405008.000000
Ours (biased),10,992111999.000000
Ours (biased),10,662947634.000000
Ours (biased),10,677713045.000000
Ours (biased),10,539056159.000000
Ours (biased),10,512467202.000000
Ours (biased),10,563490650.000000
Ours (biased),10,764375332.000000
Ours (biased),10,564046130.000000
Ours (biased),10,668127691.000000
Ours (biased),10,16739641643.000000
Ours (biased),10,681306318.000000
Ours (biased),10,865203774.000000
Ours (biased),10,732910224.000000
Ours (biased),10,804501086.000000
Ours (biased),10,524744949.000000
Ours (biased),10,723993703.000000
Ours (biased),10,783933551.000000
Ours (biased),10,561951468.000000
Ours (biased),10,863104437.000000
Ours (biased),10,567261799.000000
Ours (biased),10,488602100.000000
Ours (biased),10,708075540.000000
Ours (biased),10,581549729.000000
Ours (biased),25,800265140.000000
Ours (biased),25,576732601.000000
Ours (biased),25,932773671.000000
Ours (biased),25,893515802.000000
Ours (biased),25,593301759.000000
Ours (biased),25,5703579199.000000
Ours (biased),25,539134274.000000
Ours (biased),25,784874720.000000
Ours (biased),25,487038795.000000
Ours (biased),25,531972674.000000
Ours (biased),25,539748172.000000
Ours (biased),25,6015765309.000000
Ours (biased),25,559231354.000000
Ours (biased),25,662034667.000000
Ours (biased),25,622421496.000000
Ours (biased),25,2135033656.000000
Ours (biased),25,503386932.000000
Ours (biased),25,2205227275.000000
Ours (biased),25,488527077.000000
Ours (biased),25,464799009.000000
Ours (biased),25,475366400.000000
Ours (biased),25,489193013.000000
Ours (biased),25,593673094.000000
Ours (biased),25,628657948.000000
Ours (biased),25,526271968.000000
Ours (biased),25,661753112.000000
Ours (biased),25,790279193.000000
Ours (biased),25,772560060.000000
Ours (biased),25,849338702.000000
Ours (biased),25,770247403.000000
Ours (biased),25,752675575.000000
Ours (biased),25,640172488.000000
Ours (biased),25,637305630.000000
Ours (biased),25,466920420.000000
Ours (biased),25,1244307581.000000
Ours (biased),25,847848363.000000
Ours (biased),25,1462122555.000000
Ours (biased),25,9147106432.000000
Ours (biased),25,435260467.000000
Ours (biased),25,519976807.000000
Ours (biased),25,647212297.000000
Ours (biased),25,549098982.000000
Ours (biased),25,466467901.000000
Ours (biased),25,472921647.000000
Ours (biased),25,512811035.000000
Ours (biased),25,1479587146.000000
Ours (biased),25,620161376.000000
Ours (biased),25,781887322.000000
Ours (biased),25,588592325.000000
Ours (biased),25,525770645.000000
Ours (biased),25,614971148.000000
Ours (biased),25,816698395.000000
Ours (biased),25,512292474.000000
Ours (biased),25,563566824.000000
Ours (biased),25,552578037.000000
Ours (biased),25,504948958.000000
Ours (biased),25,581837294.000000
Ours (biased),25,538914406.000000
Ours (biased),25,578969847.000000
Ours (biased),25,11055572428.000000
Ours (biased),25,488305653.000000
Ours (biased),25,416019452.000000
Ours (biased),25,781216755.000000
Ours (biased),25,554273207.000000
Ours (biased),25,810851773.000000
Ours (biased),25,546117724.000000
Ours (biased),25,562362797.000000
Ours (biased),25,674564702.000000
Ours (biased),25,714452309.000000
Ours (biased),25,545436205.000000
Ours (biased),25,475622238.000000
Ours (biased),25,474235214.000000
Ours (biased),25,611012738.000000
Ours (biased),25,1155316149.000000
Ours (biased),25,1176352285.000000
Ours (biased),25,529841568.000000
Ours (biased),25,656602748.000000
Ours (biased),25,493900552.000000
Ours (biased),25,1103235847.000000
Ours (biased),25,572622845.000000
Ours (biased),25,1014588700.000000
Ours (biased),25,910548436.000000
Ours (biased),25,444590476.000000
Ours (biased),25,693452521.000000
Ours (biased),25,974260993.000000
Ours (biased),25,494255389.000000
Ours (biased),25,573879932.000000
Ours (biased),25,580082633.000000
Ours (biased),25,525524041.000000
Ours (biased),25,570873875.000000
Ours (biased),25,567984589.000000
Ours (biased),25,940724103.000000
Ours (biased),25,883910116.000000
Ours (biased),25,735233386.000000
Ours (biased),25,1053780037.000000
Ours (biased),25,663769106.000000
Ours (biased),25,656827036.000000
Ours (biased),25,510428909.000000
Ours (biased),25,737947132.000000
Ours (biased),25,549608438.000000
Ours (biased),50,536864214.000000
Ours (biased),50,1253743758.000000
Ours (biased),50,489778499.000000
Ours (biased),50,423005694.000000
Ours (biased),50,515487060.000000
Ours (biased),50,584062051.000000
Ours (biased),50,480586969.000000
Ours (biased),50,508527438.000000
Ours (biased),50,506514927.000000
Ours (biased),50,514981059.000000
Ours (biased),50,556552184.000000
Ours (biased),50,448868990.000000
Ours (biased),50,4657331479.000000
Ours (biased),50,931755914.000000
Ours (biased),50,548714889.000000
Ours (biased),50,791807660.000000
Ours (biased),50,514165804.000000
Ours (biased),50,484997410.000000
Ours (biased),50,540766833.000000
Ours (biased),50,454419673.000000
Ours (biased),50,947436396.000000
Ours (biased),50,486539622.000000
Ours (biased),50,488419835.000000
Ours (biased),50,437373164.000000
Ours (biased),50,500880799.000000
Ours (biased),50,561461757.000000
Ours (biased),50,662479714.000000
Ours (biased),50,463685151.000000
Ours (biased),50,508798731.000000
Ours (biased),50,451406605.000000
Ours (biased),50,468586094.000000
Ours (biased),50,515238059.000000
Ours (biased),50,498207851.000000
Ours (biased),50,590941570.000000
Ours (biased),50,766353461.000000
Ours (biased),50,468397090.000000
Ours (biased),50,544019711.000000
Ours (biased),50,2839877225.000000
Ours (biased),50,429254479.000000
Ours (biased),50,1038857755.000000
Ours (biased),50,537007390.000000
Ours (biased),50,481135743.000000
Ours (biased),50,611596873.000000
Ours (biased),50,505565635.000000
Ours (biased),50,486913397.000000
Ours (biased),50,417790987.000000
Ours (biased),50,512347057.000000
Ours (biased),50,463050052.000000
Ours (biased),50,479080826.000000
Ours (biased),50,468990371.000000
Ours (biased),50,705985298.000000
Ours (biased),50,868102916.000000
Ours (biased),50,809317412.000000
Ours (biased),50,577843670.000000
Ours (biased),50,1368314407.000000
Ours (biased),50,595841484.000000
Ours (biased),50,529033929.000000
Ours (biased),50,557991498.000000
Ours (biased),50,563618329.000000
Ours (biased),50,516906646.000000
Ours (biased),50,424938282.000000
Ours (biased),50,591144399.000000
Ours (biased),50,714647985.000000
Ours (biased),50,481425741.000000
Ours (biased),50,548314990.000000
Ours (biased),50,545082198.000000
Ours (biased),50,596379599.000000
Ours (biased),50,433037638.000000
Ours (biased),50,514329479.000000
Ours (biased),50,667162407.000000
Ours (biased),50,724367798.000000
Ours (biased),50,691758897.000000
Ours (biased),50,510838338.000000
Ours (biased),50,627030155.000000
Ours (biased),50,739036719.000000
Ours (biased),50,554773695.000000
Ours (biased),50,418500943.000000
Ours (biased),50,529538468.000000
Ours (biased),50,531729562.000000
Ours (biased),50,657111315.000000
Ours (biased),50,608158096.000000
Ours (biased),50,483246926.000000
Ours (biased),50,479365294.000000
Ours (biased),50,1196529022.000000
Ours (biased),50,1379293121.000000
Ours (biased),50,563270838.000000
Ours (biased),50,500169608.000000
Ours (biased),50,536717457.000000
Ours (biased),50,568827692.000000
Ours (biased),50,755876224.000000
Ours (biased),50,548961981.000000
Ours (biased),50,642284180.000000
Ours (biased),50,691594630.000000
Ours (biased),50,852392501.000000
Ours (biased),50,499366988.000000
Ours (biased),50,593511508.000000
Ours (biased),50,516050955.000000
Ours (biased),50,598843191.000000
Ours (biased),50,513838032.000000
Ours (biased),50,796917289.000000
Ours (biased),100,462220739.000000
Ours (biased),100,471167157.000000
Ours (biased),100,672879833.000000
Ours (biased),100,570681288.000000
Ours (biased),100,632850750.000000
Ours (biased),100,470905979.000000
Ours (biased),100,654382353.000000
Ours (biased),100,517816248.000000
Ours (biased),100,502902019.000000
Ours (biased),100,922165460.000000
Ours (biased),100,456440295.000000
Ours (biased),100,718310711.000000
Ours (biased),100,502089908.000000
Ours (biased),100,508937421.000000
Ours (biased),100,462345416.000000
Ours (biased),100,517301589.000000
Ours (biased),100,1170028090.000000
Ours (biased),100,457579774.000000
Ours (biased),100,467829985.000000
Ours (biased),100,478575083.000000
Ours (biased),100,426595406.000000
Ours (biased),100,548485878.000000
Ours (biased),100,981123931.000000
Ours (biased),100,494204999.000000
Ours (biased),100,513465527.000000
Ours (biased),100,563251842.000000
Ours (biased),100,490961440.000000
Ours (biased),100,419209967.000000
Ours (biased),100,497524248.000000
Ours (biased),100,447534585.000000
Ours (biased),100,490595182.000000
Ours (biased),100,535085026.000000
Ours (biased),100,519089282.000000
Ours (biased),100,630394634.000000
Ours (biased),100,501219596.000000
Ours (biased),100,571015385.000000
Ours (biased),100,527674282.000000
Ours (biased),100,826376325.000000
Ours (biased),100,508781384.000000
Ours (biased),100,441877908.000000
Ours (biased),100,439375290.000000
Ours (biased),100,999354044.000000
Ours (biased),100,501521882.000000
Ours (biased),100,545910136.000000
Ours (biased),100,540710168.000000
Ours (biased),100,500726262.000000
Ours (biased),100,530425540.000000
Ours (biased),100,458801643.000000
Ours (biased),100,448605930.000000
Ours (biased),100,449956085.000000
Ours (biased),100,492386444.000000
Ours (biased),100,438981423.000000
Ours (biased),100,591755773.000000
Ours (biased),100,642649640.000000
Ours (biased),100,503474170.000000
Ours (biased),100,481018310.000000
Ours (biased),100,509395359.000000
Ours (biased),100,454930052.000000
Ours (biased),100,776008913.000000
Ours (biased),100,487302189.000000
Ours (biased),100,625509903.000000
Ours (biased),100,448555703.000000
Ours (biased),100,2983848159.000000
Ours (biased),100,630062929.000000
Ours (biased),100,819042934.000000
Ours (biased),100,491905888.000000
Ours (biased),100,537755947.000000
Ours (biased),100,813258064.000000
Ours (biased),100,506608406.000000
Ours (biased),100,2580808444.000000
Ours (biased),100,553432223.000000
Ours (biased),100,583208483.000000
Ours (biased),100,500405571.000000
Ours (biased),100,509694003.000000
Ours (biased),100,839652365.000000
Ours (biased),100,441805708.000000
Ours (biased),100,810685991.000000
Ours (biased),100,763523865.000000
Ours (biased),100,570236730.000000
Ours (biased),100,765776213.000000
Ours (biased),100,493903549.000000
Ours (biased),100,533030428.000000
Ours (biased),100,559303378.000000
Ours (biased),100,454246605.000000
Ours (biased),100,501810820.000000
Ours (biased),100,1003367902.000000
Ours (biased),100,516102779.000000
Ours (biased),100,533505258.000000
Ours (biased),100,885652478.000000
Ours (biased),100,528708460.000000
Ours (biased),100,432649731.000000
Ours (biased),100,521497627.000000
Ours (biased),100,449482017.000000
Ours (biased),100,712024523.000000
Ours (biased),100,405939263.000000
Ours (biased),100,634114422.000000
Ours (biased),100,8109286240.000000
Ours (biased),100,485520496.000000
Ours (biased),100,453248641.000000
Ours (biased),100,624481359.000000
Ours (biased),250,485913806.000000
Ours (biased),250,650892151.000000
Ours (biased),250,546693173.000000
Ours (biased),250,481048004.000000
Ours (biased),250,430678878.000000
Ours (biased),250,543514886.000000
Ours (biased),250,487892490.000000
Ours (biased),250,467055322.000000
Ours (biased),250,425255764.000000
Ours (biased),250,442100633.000000
Ours (biased),250,488732435.000000
Ours (biased),250,537802438.000000
Ours (biased),250,543603748.000000
Ours (biased),250,435136753.000000
Ours (biased),250,1110997717.000000
Ours (biased),250,540845559.000000
Ours (biased),250,1203485072.000000
Ours (biased),250,541910722.000000
Ours (biased),250,452422437.000000
Ours (biased),250,553218497.000000
Ours (biased),250,443241110.000000
Ours (biased),250,7952343543.000000
Ours (biased),250,501555402.000000
Ours (biased),250,482359905.000000
Ours (biased),250,783343389.000000
Ours (biased),250,439532020.000000
Ours (biased),250,438474057.000000
Ours (biased),250,677410233.000000
Ours (biased),250,511746326.000000
Ours (biased),250,495181819.000000
Ours (biased),250,412084532.000000
Ours (biased),250,951835472.000000
Ours (biased),250,516547962.000000
Ours (biased),250,470632372.000000
Ours (biased),250,745321186.000000
Ours (biased),250,827577176.000000
Ours (biased),250,757861959.000000
Ours (biased),250,589711920.000000
Ours (biased),250,534755719.000000
Ours (biased),250,498375501.000000
Ours (biased),250,875223986.000000
Ours (biased),250,953187057.000000
Ours (biased),250,416485852.000000
Ours (biased),250,480483108.000000
Ours (biased),250,852818772.000000
Ours (biased),250,986243851.000000
Ours (biased),250,472477347.000000
Ours (biased),250,516310495.000000
Ours (biased),250,572274361.000000
Ours (biased),250,775502319.000000
Ours (biased),250,525216123.000000
Ours (biased),250,6240875373.000000
Ours (biased),250,1004900697.000000
Ours (biased),250,509118527.000000
Ours (biased),250,419350247.000000
Ours (biased),250,1161527133.000000
Ours (biased),250,512435514.000000
Ours (biased),250,462707518.000000
Ours (biased),250,600518484.000000
Ours (biased),250,572480069.000000
Ours (biased),250,518428789.000000
Ours (biased),250,3574442029.000000
Ours (biased),250,617188277.000000
Ours (biased),250,671130298.000000
Ours (biased),250,727195551.000000
Ours (biased),250,4777197242.000000
Ours (biased),250,1323937471.000000
Ours (biased),250,461151212.000000
Ours (biased),250,529540613.000000
Ours (biased),250,472795029.000000
Ours (biased),250,499838335.000000
Ours (biased),250,669575042.000000
Ours (biased),250,437762906.000000
Ours (biased),250,490792676.000000
Ours (biased),250,450397079.000000
Ours (biased),250,460914665.000000
Ours (biased),250,520624898.000000
Ours (biased),250,863699878.000000
Ours (biased),250,559446952.000000
Ours (biased),250,560584137.000000
Ours (biased),250,794957382.000000
Ours (biased),250,1546147167.000000
Ours (biased),250,456117906.000000
Ours (biased),250,528103470.000000
Ours (biased),250,488813090.000000
Ours (biased),250,490754259.000000
Ours (biased),250,18972461209.000000
Ours (biased),250,1068372007.000000
Ours (biased),250,981533831.000000
Ours (biased),250,542075274.000000
Ours (biased),250,487094819.000000
Ours (biased),250,438430780.000000
Ours (biased),250,535572807.000000
Ours (biased),250,451769272.000000
Ours (biased),250,504634271.000000
Ours (biased),250,512250135.000000
Ours (biased),250,620762226.000000
Ours (biased),250,520459785.000000
Ours (biased),250,444972328.000000
Ours (biased),250,504889551.000000
Ours (biased),500,461070845.000000
Ours (biased),500,577641530.000000
Ours (biased),500,449704312.000000
Ours (biased),500,464827248.000000
Ours (biased),500,781430432.000000
Ours (biased),500,485207997.000000
Ours (biased),500,462472217.000000
Ours (biased),500,439977850.000000
Ours (biased),500,477506785.000000
Ours (biased),500,680198187.000000
Ours (biased),500,541996706.000000
Ours (biased),500,493392123.000000
Ours (biased),500,417463589.000000
Ours (biased),500,722383614.000000
Ours (biased),500,1022815387.000000
Ours (biased),500,498968466.000000
Ours (biased),500,465069980.000000
Ours (biased),500,716131152.000000
Ours (biased),500,499266044.000000
Ours (biased),500,573377949.000000
Ours (biased),500,461186052.000000
Ours (biased),500,940714498.000000
Ours (biased),500,814417913.000000
Ours (biased),500,521688727.000000
Ours (biased),500,525948786.000000
Ours (biased),500,861909386.000000
Ours (biased),500,612817745.000000
Ours (biased),500,719308474.000000
Ours (biased),500,578390043.000000
Ours (biased),500,786994790.000000
Ours (biased),500,472638542.000000
Ours (biased),500,500108822.000000
Ours (biased),500,546584355.000000
Ours (biased),500,560018227.000000
Ours (biased),500,486326457.000000
Ours (biased),500,524073560.000000
Ours (biased),500,525706586.000000
Ours (biased),500,1173875797.000000
Ours (biased),500,445892101.000000
Ours (biased),500,589600910.000000
Ours (biased),500,982672493.000000
Ours (biased),500,493502622.000000
Ours (biased),500,961089383.000000
Ours (biased),500,439203137.000000
Ours (biased),500,519055330.000000
Ours (biased),500,465032319.000000
Ours (biased),500,427118204.000000
Ours (biased),500,522051759.000000
Ours (biased),500,1028857018.000000
Ours (biased),500,479049987.000000
Ours (biased),500,513141337.000000
Ours (biased),500,649164452.000000
Ours (biased),500,459071693.000000
Ours (biased),500,496672578.000000
Ours (biased),500,508711421.000000
Ours (biased),500,532181824.000000
Ours (biased),500,419623902.000000
Ours (biased),500,495919979.000000
Ours (biased),500,663722432.000000
Ours (biased),500,489627878.000000
Ours (biased),500,572497639.000000
Ours (biased),500,782665200.000000
Ours (biased),500,505758029.000000
Ours (biased),500,486952051.000000
Ours (biased),500,635450027.000000
Ours (biased),500,611389048.000000
Ours (biased),500,481326556.000000
Ours (biased),500,3923786176.000000
Ours (biased),500,495707604.000000
Ours (biased),500,536287590.000000
Ours (biased),500,565528101.000000
Ours (biased),500,449861048.000000
Ours (biased),500,512901398.000000
Ours (biased),500,2053479596.000000
Ours (biased),500,490190470.000000
Ours (biased),500,468748632.000000
Ours (biased),500,685060115.000000
Ours (biased),500,430889682.000000
Ours (biased),500,427440376.000000
Ours (biased),500,1968461982.000000
Ours (biased),500,490492343.000000
Ours (biased),500,469193260.000000
Ours (biased),500,619492566.000000
Ours (biased),500,432982601.000000
Ours (biased),500,571993816.000000
Ours (biased),500,416834695.000000
Ours (biased),500,564848032.000000
Ours (biased),500,787357550.000000
Ours (biased),500,1068931470.000000
Ours (biased),500,1015506310.000000
Ours (biased),500,621975248.000000
Ours (biased),500,6925550730.000000
Ours (biased),500,443083869.000000
Ours (biased),500,461938464.000000
Ours (biased),500,518500423.000000
Ours (biased),500,16130949015.000000
Ours (biased),500,833230022.000000
Ours (biased),500,609889565.000000
Ours (biased),500,527548138.000000
Ours (biased),500,469407911.000000
Ours (biased),1000,472116495.000000
Ours (biased),1000,619148061.000000
Ours (biased),1000,668166940.000000
Ours (biased),1000,518253622.000000
Ours (biased),1000,581066755.000000
Ours (biased),1000,529868714.000000
Ours (biased),1000,2201442188.000000
Ours (biased),1000,444838907.000000
Ours (biased),1000,544426922.000000
Ours (biased),1000,469899670.000000
Ours (biased),1000,587538907.000000
Ours (biased),1000,841687000.000000
Ours (biased),1000,861039424.000000
Ours (biased),1000,463112706.000000
Ours (biased),1000,483574046.000000
Ours (biased),1000,499412285.000000
Ours (biased),1000,477974760.000000
Ours (biased),1000,597592858.000000
Ours (biased),1000,454600284.000000
Ours (biased),1000,444589750.000000
Ours (biased),1000,971766143.000000
Ours (biased),1000,564808461.000000
Ours (biased),1000,525890179.000000
Ours (biased),1000,616368628.000000
Ours (biased),1000,884363397.000000
Ours (biased),1000,498348888.000000
Ours (biased),1000,656490702.000000
Ours (biased),1000,907148916.000000
Ours (biased),1000,537604072.000000
Ours (biased),1000,484449027.000000
Ours (biased),1000,799211967.000000
Ours (biased),1000,497931469.000000
Ours (biased),1000,556412314.000000
Ours (biased),1000,455014581.000000
Ours (biased),1000,542665406.000000
Ours (biased),1000,440440370.000000
Ours (biased),1000,640502075.000000
Ours (biased),1000,614423323.000000
Ours (biased),1000,487286273.000000
Ours (biased),1000,497795229.000000
Ours (biased),1000,576203983.000000
Ours (biased),1000,449631641.000000
Ours (biased),1000,424152032.000000
Ours (biased),1000,524608578.000000
Ours (biased),1000,444314356.000000
Ours (biased),1000,555681101.000000
Ours (biased),1000,440253918.000000
Ours (biased),1000,532993206.000000
Ours (biased),1000,421961749.000000
Ours (biased),1000,887255323.000000
Ours (biased),1000,484112857.000000
Ours (biased),1000,507012827.000000
Ours (biased),1000,481559315.000000
Ours (biased),1000,603148917.000000
Ours (biased),1000,449932284.000000
Ours (biased),1000,494932806.000000
Ours (biased),1000,581360918.000000
Ours (biased),1000,425682601.000000
Ours (biased),1000,547955275.000000
Ours (biased),1000,1060614955.000000
Ours (biased),1000,619763043.000000
Ours (biased),1000,531799876.000000
Ours (biased),1000,584833712.000000
Ours (biased),1000,430541725.000000
Ours (biased),1000,693247276.000000
Ours (biased),1000,942322395.000000
Ours (biased),1000,480837764.000000
Ours (biased),1000,450472871.000000
Ours (biased),1000,1056436234.000000
Ours (biased),1000,478173213.000000
Ours (biased),1000,492368455.000000
Ours (biased),1000,627533316.000000
Ours (biased),1000,600041979.000000
Ours (biased),1000,631722398.000000
Ours (biased),1000,539698161.000000
Ours (biased),1000,4132391573.000000
Ours (biased),1000,508886556.000000
Ours (biased),1000,448687754.000000
Ours (biased),1000,669213841.000000
Ours (biased),1000,456924134.000000
Ours (biased),1000,483945131.000000
Ours (biased),1000,452603174.000000
Ours (biased),1000,502020479.000000
Ours (biased),1000,492112330.000000
Ours (biased),1000,573229132.000000
Ours (biased),1000,9002529103.000000
Ours (biased),1000,546550949.000000
Ours (biased),1000,905856421.000000
Ours (biased),1000,671942921.000000
Ours (biased),1000,482435926.000000
Ours (biased),1000,549812560.000000
Ours (biased),1000,457398971.000000
Ours (biased),1000,777198450.000000
Ours (biased),1000,461371400.000000
Ours (biased),1000,488685340.000000
Ours (biased),1000,447845880.000000
Ours (biased),1000,681543718.000000
Ours (biased),1000,1074616675.000000
Ours (biased),1000,463225984.000000
Ours (biased),1000,535477607.000000
Ours (biased),2500,480745671.000000
Ours (biased),2500,518024978.000000
Ours (biased),2500,446466549.000000
Ours (biased),2500,495207473.000000
Ours (biased),2500,445259044.000000
Ours (biased),2500,721349625.000000
Ours (biased),2500,458651908.000000
Ours (biased),2500,1023454967.000000
Ours (biased),2500,480828838.000000
Ours (biased),2500,477315890.000000
Ours (biased),2500,537030226.000000
Ours (biased),2500,508234244.000000
Ours (biased),2500,417739552.000000
Ours (biased),2500,485843824.000000
Ours (biased),2500,450573152.000000
Ours (biased),2500,446839459.000000
Ours (biased),2500,472123945.000000
Ours (biased),2500,483586579.000000
Ours (biased),2500,546792619.000000
Ours (biased),2500,548222923.000000
Ours (biased),2500,479994250.000000
Ours (biased),2500,525268723.000000
Ours (biased),2500,464373158.000000
Ours (biased),2500,490197680.000000
Ours (biased),2500,482113951.000000
Ours (biased),2500,1072136577.000000
Ours (biased),2500,464974188.000000
Ours (biased),2500,435526607.000000
Ours (biased),2500,498115144.000000
Ours (biased),2500,487862351.000000
Ours (biased),2500,466376203.000000
Ours (biased),2500,583265940.000000
Ours (biased),2500,582391754.000000
Ours (biased),2500,623269316.000000
Ours (biased),2500,1108346698.000000
Ours (biased),2500,436395127.000000
Ours (biased),2500,812412725.000000
Ours (biased),2500,680985889.000000
Ours (biased),2500,475096218.000000
Ours (biased),2500,820035431.000000
Ours (biased),2500,12859450146.000000
Ours (biased),2500,926002364.000000
Ours (biased),2500,462298133.000000
Ours (biased),2500,564077491.000000
Ours (biased),2500,429440468.000000
Ours (biased),2500,450718824.000000
Ours (biased),2500,463322938.000000
Ours (biased),2500,489034883.000000
Ours (biased),2500,436943661.000000
Ours (biased),2500,418628180.000000
Ours (biased),2500,528578387.000000
Ours (biased),2500,812453457.000000
Ours (biased),2500,504546034.000000
Ours (biased),2500,519655176.000000
Ours (biased),2500,479243362.000000
Ours (biased),2500,461105133.000000
Ours (biased),2500,1113979061.000000
Ours (biased),2500,453846109.000000
Ours (biased),2500,523638591.000000
Ours (biased),2500,470510819.000000
Ours (biased),2500,584941473.000000
Ours (biased),2500,696684766.000000
Ours (biased),2500,476249457.000000
Ours (biased),2500,456182962.000000
Ours (biased),2500,719761991.000000
Ours (biased),2500,597192066.000000
Ours (biased),2500,731218778.000000
Ours (biased),2500,476216563.000000
Ours (biased),2500,525498100.000000
Ours (biased),2500,498838361.000000
Ours (biased),2500,618068215.000000
Ours (biased),2500,499693991.000000
Ours (biased),2500,551873523.000000
Ours (biased),2500,593696728.000000
Ours (biased),2500,473344802.000000
Ours (biased),2500,522934169.000000
Ours (biased),2500,444809850.000000
Ours (biased),2500,957851165.000000
Ours (biased),2500,449321974.000000
Ours (biased),2500,499399984.000000
Ours (biased),2500,489963942.000000
Ours (biased),2500,400663442.000000
Ours (biased),2500,845302307.000000
Ours (biased),2500,467859357.000000
Ours (biased),2500,488418965.000000
Ours (biased),2500,890638702.000000
Ours (biased),2500,487066617.000000
Ours (biased),2500,523520313.000000
Ours (biased),2500,866501826.000000
Ours (biased),2500,777192180.000000
Ours (biased),2500,622890572.000000
Ours (biased),2500,516582120.000000
Ours (biased),2500,472877324.000000
Ours (biased),2500,466139389.000000
Ours (biased),2500,442193836.000000
Ours (biased),2500,500454156.000000
Ours (biased),2500,1098135086.000000
Ours (biased),2500,482889524.000000
Ours (biased),2500,907600216.000000
Ours (biased),2500,492326498.000000
Ours (biased),5000,444982173.000000
Ours (biased),5000,467584534.000000
Ours (biased),5000,522404907.000000
Ours (biased),5000,653790088.000000
Ours (biased),5000,463767826.000000
Ours (biased),5000,456082046.000000
Ours (biased),5000,558687661.000000
Ours (biased),5000,630723111.000000
Ours (biased),5000,536984393.000000
Ours (biased),5000,524539434.000000
Ours (biased),5000,493800539.000000
Ours (biased),5000,550556555.000000
Ours (biased),5000,483370323.000000
Ours (biased),5000,448370424.000000
Ours (biased),5000,472690757.000000
Ours (biased),5000,745025473.000000
Ours (biased),5000,563381794.000000
Ours (biased),5000,682438021.000000
Ours (biased),5000,475967359.000000
Ours (biased),5000,497300912.000000
Ours (biased),5000,446073787.000000
Ours (biased),5000,479039058.000000
Ours (biased),5000,920436356.000000
Ours (biased),5000,416770549.000000
Ours (biased),5000,462693952.000000
Ours (biased),5000,841604463.000000
Ours (biased),5000,467005734.000000
Ours (biased),5000,934794333.000000
Ours (biased),5000,505495962.000000
Ours (biased),5000,432315815.000000
Ours (biased),5000,526034315.000000
Ours (biased),5000,469906833.000000
Ours (biased),5000,2047522435.000000
Ours (biased),5000,429581276.000000
Ours (biased),5000,516999669.000000
Ours (biased),5000,437654403.000000
Ours (biased),5000,558917327.000000
Ours (biased),5000,550925748.000000
Ours (biased),5000,3911036159.000000
Ours (biased),5000,483260380.000000
Ours (biased),5000,568870178.000000
Ours (biased),5000,620867523.000000
Ours (biased),5000,450198494.000000
Ours (biased),5000,621134852.000000
Ours (biased),5000,890150742.000000
Ours (biased),5000,476850048.000000
Ours (biased),5000,923934027.000000
Ours (biased),5000,482223779.000000
Ours (biased),5000,747328268.000000
Ours (biased),5000,478856167.000000
Ours (biased),5000,465687858.000000
Ours (biased),5000,486793496.000000
Ours (biased),5000,1115906589.000000
Ours (biased),5000,758120807.000000
Ours (biased),5000,1034637328.000000
Ours (biased),5000,526116910.000000
Ours (biased),5000,422053167.000000
Ours (biased),5000,654450144.000000
Ours (biased),5000,531093303.000000
Ours (biased),5000,471327668.000000
Ours (biased),5000,912722927.000000
Ours (biased),5000,592671949.000000
Ours (biased),5000,444910686.000000
Ours (biased),5000,1013999673.000000
Ours (biased),5000,494070059.000000
Ours (biased),5000,928087244.000000
Ours (biased),5000,473741917.000000
Ours (biased),5000,484660194.000000
Ours (biased),5000,531938032.000000
Ours (biased),5000,510534763.000000
Ours (biased),5000,883431394.000000
Ours (biased),5000,584221989.000000
Ours (biased),5000,731725428.000000
Ours (biased),5000,436967650.000000
Ours (biased),5000,781253440.000000
Ours (biased),5000,497858104.000000
Ours (biased),5000,498837237.000000
Ours (biased),5000,1043605461.000000
Ours (biased),5000,443695815.000000
Ours (biased),5000,11370639965.000000
Ours (biased),5000,576293207.000000
Ours (biased),5000,808386585.000000
Ours (biased),5000,16374435002.000000
Ours (biased),5000,420499351.000000
Ours (biased),5000,621003316.000000
Ours (biased),5000,451695755.000000
Ours (biased),5000,519715904.000000
Ours (biased),5000,472080802.000000
Ours (biased),5000,540943910.000000
Ours (biased),5000,488269770.000000
Ours (biased),5000,531330959.000000
Ours (biased),5000,490963449.000000
Ours (biased),5000,533506508.000000
Ours (biased),5000,505398805.000000
Ours (biased),5000,705019804.000000
Ours (biased),5000,458790649.000000
Ours (biased),5000,454999369.000000
Ours (biased),5000,490453604.000000
Ours (biased),5000,518634663.000000
Ours (biased),5000,608682879.000000
Ours (covariance),10,582248640.000000
Ours (covariance),10,715728296.000000
Ours (covariance),10,797441677.000000
Ours (covariance),10,654872275.000000
Ours (covariance),10,543976078.000000
Ours (covariance),10,648074302.000000
Ours (covariance),10,1167709220.000000
Ours (covariance),10,20097502429.000000
Ours (covariance),10,489532486.000000
Ours (covariance),10,618371024.000000
Ours (covariance),10,459087581.000000
Ours (covariance),10,616098356.000000
Ours (covariance),10,507251169.000000
Ours (covariance),10,461748903.000000
Ours (covariance),10,969262171.000000
Ours (covariance),10,717664161.000000
Ours (covariance),10,1603774391.000000
Ours (covariance),10,549622761.000000
Ours (covariance),10,624112235.000000
Ours (covariance),10,1012869619.000000
Ours (covariance),10,454912561.000000
Ours (covariance),10,567257854.000000
Ours (covariance),10,576365294.000000
Ours (covariance),10,630502530.000000
Ours (covariance),10,2105384629.000000
Ours (covariance),10,514649661.000000
Ours (covariance),10,641836097.000000
Ours (covariance),10,1111325938.000000
Ours (covariance),10,527954048.000000
Ours (covariance),10,807980537.000000
Ours (covariance),10,575888861.000000
Ours (covariance),10,820306861.000000
Ours (covariance),10,457555492.000000
Ours (covariance),10,743220880.000000
Ours (covariance),10,662569163.000000
Ours (covariance),10,13698655594.000000
Ours (covariance),10,660644355.000000
Ours (covariance),10,592215968.000000
Ours (covariance),10,658829553.000000
Ours (covariance),10,1391328564.000000
Ours (covariance),10,12790482395.000000
Ours (covariance),10,744829991.000000
Ours (covariance),10,602886427.000000
Ours (covariance),10,679881623.000000
Ours (covariance),10,633226119.000000
Ours (covariance),10,760089844.000000
Ours (covariance),10,15481558329.000000
Ours (covariance),10,557393899.000000
Ours (covariance),10,741192917.000000
Ours (covariance),10,768707353.000000
Ours (covariance),10,917574366.000000
Ours (covariance),10,616293401.000000
Ours (covariance),10,607776938.000000
Ours (covariance),10,2569859606.000000
Ours (covariance),10,885811566.000000
Ours (covariance),10,505509357.000000
Ours (covariance),10,657558622.000000
Ours (covariance),10,8046084796.000000
Ours (covariance),10,669925009.000000
Ours (covariance),10,862647103.000000
Ours (covariance),10,523076204.000000
Ours (covariance),10,705692950.000000
Ours (covariance),10,782798817.000000
Ours (covariance),10,8702927056.000000
Ours (covariance),10,893166794.000000
Ours (covariance),10,8343455946.000000
Ours (covariance),10,927076805.000000
Ours (covariance),10,615111867.000000
Ours (covariance),10,818198063.000000
Ours (covariance),10,483495586.000000
Ours (covariance),10,505541897.000000
Ours (covariance),10,543385866.000000
Ours (covariance),10,2502846178.000000
Ours (covariance),10,529490821.000000
Ours (covariance),10,570314954.000000
Ours (covariance),10,665636271.000000
Ours (covariance),10,573158753.000000
Ours (covariance),10,738245515.000000
Ours (covariance),10,792295944.000000
Ours (covariance),10,1243636161.000000
Ours (covariance),10,647847467.000000
Ours (covariance),10,486904280.000000
Ours (covariance),10,467518942.000000
Ours (covariance),10,19210311499.000000
Ours (covariance),10,462588637.000000
Ours (covariance),10,813978809.000000
Ours (covariance),10,760772872.000000
Ours (covariance),10,562570201.000000
Ours (covariance),10,570191504.000000
Ours (covariance),10,678562744.000000
Ours (covariance),10,577178236.000000
Ours (covariance),10,740850529.000000
Ours (covariance),10,540578597.000000
Ours (covariance),10,783511872.000000
Ours (covariance),10,867472672.000000
Ours (covariance),10,577494087.000000
Ours (covariance),10,606984558.000000
Ours (covariance),10,594679202.000000
Ours (covariance),10,590333933.000000
Ours (covariance),10,919320338.000000
Ours (covariance),25,938283885.000000
Ours (covariance),25,1015831981.000000
Ours (covariance),25,588404488.000000
Ours (covariance),25,3450883721.000000
Ours (covariance),25,555569772.000000
Ours (covariance),25,500930952.000000
Ours (covariance),25,429952372.000000
Ours (covariance),25,425137075.000000
Ours (covariance),25,515557639.000000
Ours (covariance),25,510803148.000000
Ours (covariance),25,517614174.000000
Ours (covariance),25,898390960.000000
Ours (covariance),25,514229540.000000
Ours (covariance),25,783198906.000000
Ours (covariance),25,1105294971.000000
Ours (covariance),25,785927380.000000
Ours (covariance),25,478992856.000000
Ours (covariance),25,518170261.000000
Ours (covariance),25,880071450.000000
Ours (covariance),25,622617185.000000
Ours (covariance),25,452422163.000000
Ours (covariance),25,632474801.000000
Ours (covariance),25,711840018.000000
Ours (covariance),25,431946935.000000
Ours (covariance),25,590374929.000000
Ours (covariance),25,627592967.000000
Ours (covariance),25,420281638.000000
Ours (covariance),25,510756452.000000
Ours (covariance),25,474708264.000000
Ours (covariance),25,507511110.000000
Ours (covariance),25,1009919962.000000
Ours (covariance),25,470136890.000000
Ours (covariance),25,534064987.000000
Ours (covariance),25,509755285.000000
Ours (covariance),25,527073337.000000
Ours (covariance),25,449118006.000000
Ours (covariance),25,685991686.000000
Ours (covariance),25,597439396.000000
Ours (covariance),25,582731605.000000
Ours (covariance),25,507868674.000000
Ours (covariance),25,449821466.000000
Ours (covariance),25,577021139.000000
Ours (covariance),25,759033784.000000
Ours (covariance),25,402400215.000000
Ours (covariance),25,3275488599.000000
Ours (covariance),25,484986035.000000
Ours (covariance),25,679828896.000000
Ours (covariance),25,508187722.000000
Ours (covariance),25,429021914.000000
Ours (covariance),25,565832743.000000
Ours (covariance),25,873776494.000000
Ours (covariance),25,454264979.000000
Ours (covariance),25,562370582.000000
Ours (covariance),25,603407989.000000
Ours (covariance),25,529660980.000000
Ours (covariance),25,484054110.000000
Ours (covariance),25,593515489.000000
Ours (covariance),25,6365014316.000000
Ours (covariance),25,621208231.000000
Ours (covariance),25,565713575.000000
Ours (covariance),25,643087290.000000
Ours (covariance),25,709904772.000000
Ours (covariance),25,557957701.000000
Ours (covariance),25,485538943.000000
Ours (covariance),25,570078732.000000
Ours (covariance),25,452947331.000000
Ours (covariance),25,484418593.000000
Ours (covariance),25,549119680.000000
Ours (covariance),25,496802280.000000
Ours (covariance),25,470761480.000000
Ours (covariance),25,516543590.000000
Ours (covariance),25,1354642705.000000
Ours (covariance),25,732310564.000000
Ours (covariance),25,1194076847.000000
Ours (covariance),25,607507547.000000
Ours (covariance),25,437443776.000000
Ours (covariance),25,485483300.000000
Ours (covariance),25,429316445.000000
Ours (covariance),25,492637847.000000
Ours (covariance),25,525092856.000000
Ours (covariance),25,567698673.000000
Ours (covariance),25,455242445.000000
Ours (covariance),25,588040016.000000
Ours (covariance),25,481061421.000000
Ours (covariance),25,1053004596.000000
Ours (covariance),25,575906528.000000
Ours (covariance),25,662519608.000000
Ours (covariance),25,846593810.000000
Ours (covariance),25,11751475978.000000
Ours (covariance),25,525376357.000000
Ours (covariance),25,3263608166.000000
Ours (covariance),25,1147417637.000000
Ours (covariance),25,4953032070.000000
Ours (covariance),25,502079709.000000
Ours (covariance),25,518125659.000000
Ours (covariance),25,1094118331.000000
Ours (covariance),25,573813493.000000
Ours (covariance),25,501882226.000000
Ours (covariance),25,461645696.000000
Ours (covariance),25,754754350.000000
Ours (covariance),50,474836793.000000
Ours (covariance),50,1106166411.000000
Ours (covariance),50,562095991.000000
Ours (covariance),50,513500192.000000
Ours (covariance),50,651795602.000000
Ours (covariance),50,466627410.000000
Ours (covariance),50,441643066.000000
Ours (covariance),50,491529849.000000
Ours (covariance),50,457455845.000000
Ours (covariance),50,1232049914.000000
Ours (covariance),50,540694660.000000
Ours (covariance),50,492495373.000000
Ours (covariance),50,441123315.000000
Ours (covariance),50,1082800447.000000
Ours (covariance),50,524952572.000000
Ours (covariance),50,478109644.000000
Ours (covariance),50,554221701.000000
Ours (covariance),50,643604362.000000
Ours (covariance),50,595270895.000000
Ours (covariance),50,452860376.000000
Ours (covariance),50,438120879.000000
Ours (covariance),50,600055883.000000
Ours (covariance),50,468908896.000000
Ours (covariance),50,398393390.000000
Ours (covariance),50,489211598.000000
Ours (covariance),50,537115726.000000
Ours (covariance),50,466444731.000000
Ours (covariance),50,1011186425.000000
Ours (covariance),50,856993529.000000
Ours (covariance),50,490048049.000000
Ours (covariance),50,484408896.000000
Ours (covariance),50,496254448.000000
Ours (covariance),50,494850105.000000
Ours (covariance),50,15614751686.000000
Ours (covariance),50,937443322.000000
Ours (covariance),50,617692931.000000
Ours (covariance),50,444435434.000000
Ours (covariance),50,498504258.000000
Ours (covariance),50,938630815.000000
Ours (covariance),50,446299780.000000
Ours (covariance),50,524811514.000000
Ours (covariance),50,592715959.000000
Ours (covariance),50,526425429.000000
Ours (covariance),50,622234424.000000
Ours (covariance),50,591108972.000000
Ours (covariance),50,482200217.000000
Ours (covariance),50,577985950.000000
Ours (covariance),50,427316050.000000
Ours (covariance),50,1049958114.000000
Ours (covariance),50,432231096.000000
Ours (covariance),50,462360631.000000
Ours (covariance),50,506948542.000000
Ours (covariance),50,537165958.000000
Ours (covariance),50,590970373.000000
Ours (covariance),50,472664380.000000
Ours (covariance),50,737104742.000000
Ours (covariance),50,579854836.000000
Ours (covariance),50,1287698940.000000
Ours (covariance),50,4265706531.000000
Ours (covariance),50,454403693.000000
Ours (covariance),50,544005119.000000
Ours (covariance),50,660111071.000000
Ours (covariance),50,810447709.000000
Ours (covariance),50,572346504.000000
Ours (covariance),50,798489221.000000
Ours (covariance),50,541766764.000000
Ours (covariance),50,415600101.000000
Ours (covariance),50,517390571.000000
Ours (covariance),50,689097804.000000
Ours (covariance),50,599272774.000000
Ours (covariance),50,494971461.000000
Ours (covariance),50,2569154780.000000
Ours (covariance),50,463547698.000000
Ours (covariance),50,1049638909.000000
Ours (covariance),50,531589216.000000
Ours (covariance),50,443369767.000000
Ours (covariance),50,457042468.000000
Ours (covariance),50,452846803.000000
Ours (covariance),50,453256217.000000
Ours (covariance),50,381715326.000000
Ours (covariance),50,614644963.000000
Ours (covariance),50,522276622.000000
Ours (covariance),50,449403667.000000
Ours (covariance),50,3430442694.000000
Ours (covariance),50,1176977781.000000
Ours (covariance),50,521630701.000000
Ours (covariance),50,506247389.000000
Ours (covariance),50,1088628355.000000
Ours (covariance),50,874516315.000000
Ours (covariance),50,437309796.000000
Ours (covariance),50,605143711.000000
Ours (covariance),50,420495495.000000
Ours (covariance),50,548760772.000000
Ours (covariance),50,506636790.000000
Ours (covariance),50,712836758.000000
Ours (covariance),50,458931863.000000
Ours (covariance),50,865401428.000000
Ours (covariance),50,542905858.000000
Ours (covariance),50,426741057.000000
Ours (covariance),50,1207167455.000000
Ours (covariance),100,475124199.000000
Ours (covariance),100,551741044.000000
Ours (covariance),100,514050184.000000
Ours (covariance),100,430258002.000000
Ours (covariance),100,469456612.000000
Ours (covariance),100,609079157.000000
Ours (covariance),100,3986285473.000000
Ours (covariance),100,474621345.000000
Ours (covariance),100,768261884.000000
Ours (covariance),100,492016011.000000
Ours (covariance),100,480297533.000000
Ours (covariance),100,484287183.000000
Ours (covariance),100,455607870.000000
Ours (covariance),100,527522912.000000
Ours (covariance),100,385630794.000000
Ours (covariance),100,414757722.000000
Ours (covariance),100,572974682.000000
Ours (covariance),100,505911306.000000
Ours (covariance),100,662658507.000000
Ours (covariance),100,429348409.000000
Ours (covariance),100,530287445.000000
Ours (covariance),100,541900831.000000
Ours (covariance),100,665541996.000000
Ours (covariance),100,541855646.000000
Ours (covariance),100,466879155.000000
Ours (covariance),100,429098189.000000
Ours (covariance),100,529088808.000000
Ours (covariance),100,586727544.000000
Ours (covariance),100,458613837.000000
Ours (covariance),100,984782552.000000
Ours (covariance),100,484069902.000000
Ours (covariance),100,462521286.000000
Ours (covariance),100,1275337073.000000
Ours (covariance),100,508914805.000000
Ours (covariance),100,411696905.000000
Ours (covariance),100,516185743.000000
Ours (covariance),100,500892034.000000
Ours (covariance),100,5778206859.000000
Ours (covariance),100,854677679.000000
Ours (covariance),100,447589451.000000
Ours (covariance),100,545651898.000000
Ours (covariance),100,3779534816.000000
Ours (covariance),100,510943182.000000
Ours (covariance),100,577798898.000000
Ours (covariance),100,568899421.000000
Ours (covariance),100,573854000.000000
Ours (covariance),100,2340018860.000000
Ours (covariance),100,955006014.000000
Ours (covariance),100,461268692.000000
Ours (covariance),100,504692655.000000
Ours (covariance),100,452093628.000000
Ours (covariance),100,467269519.000000
Ours (covariance),100,562289031.000000
Ours (covariance),100,440323714.000000
Ours (covariance),100,412827374.000000
Ours (covariance),100,401194478.000000
Ours (covariance),100,415401240.000000
Ours (covariance),100,584060982.000000
Ours (covariance),100,428577773.000000
Ours (covariance),100,486010183.000000
Ours (covariance),100,496268123.000000
Ours (covariance),100,525539512.000000
Ours (covariance),100,570223432.000000
Ours (covariance),100,792929633.000000
Ours (covariance),100,441421614.000000
Ours (covariance),100,477045604.000000
Ours (covariance),100,467066614.000000
Ours (covariance),100,439226496.000000
Ours (covariance),100,479656659.000000
Ours (covariance),100,523128920.000000
Ours (covariance),100,469949360.000000
Ours (covariance),100,424282871.000000
Ours (covariance),100,822427954.000000
Ours (covariance),100,443867606.000000
Ours (covariance),100,486911434.000000
Ours (covariance),100,484542165.000000
Ours (covariance),100,966717457.000000
Ours (covariance),100,459436960.000000
Ours (covariance),100,10964265586.000000
Ours (covariance),100,700566564.000000
Ours (covariance),100,491780156.000000
Ours (covariance),100,593271560.000000
Ours (covariance),100,508230242.000000
Ours (covariance),100,1151039402.000000
Ours (covariance),100,22759853980.000000
Ours (covariance),100,884240266.000000
Ours (covariance),100,626857181.000000
Ours (covariance),100,1191901354.000000
Ours (covariance),100,444484350.000000
Ours (covariance),100,798490660.000000
Ours (covariance),100,414360912.000000
Ours (covariance),100,483616782.000000
Ours (covariance),100,554366701.000000
Ours (covariance),100,581268872.000000
Ours (covariance),100,3040639882.000000
Ours (covariance),100,460954287.000000
Ours (covariance),100,506967590.000000
Ours (covariance),100,795791754.000000
Ours (covariance),100,427615405.000000
Ours (covariance),100,709543242.000000
Ours (covariance),250,1901335710.000000
Ours (covariance),250,545622983.000000
Ours (covariance),250,603502161.000000
Ours (covariance),250,851211441.000000
Ours (covariance),250,444450436.000000
Ours (covariance),250,499489829.000000
Ours (covariance),250,698214728.000000
Ours (covariance),250,530958570.000000
Ours (covariance),250,453823824.000000
Ours (covariance),250,440238819.000000
Ours (covariance),250,818360745.000000
Ours (covariance),250,425166940.000000
Ours (covariance),250,958687556.000000
Ours (covariance),250,817160019.000000
Ours (covariance),250,407306599.000000
Ours (covariance),250,536140556.000000
Ours (covariance),250,560067240.000000
Ours (covariance),250,423333094.000000
Ours (covariance),250,430947540.000000
Ours (covariance),250,510532501.000000
Ours (covariance),250,423640336.000000
Ours (covariance),250,483976537.000000
Ours (covariance),250,1178002352.000000
Ours (covariance),250,489530241.000000
Ours (covariance),250,3490898596.000000
Ours (covariance),250,526734835.000000
Ours (covariance),250,456741804.000000
Ours (covariance),250,662985941.000000
Ours (covariance),250,564081577.000000
Ours (covariance),250,955786164.000000
Ours (covariance),250,568714066.000000
Ours (covariance),250,423593655.000000
Ours (covariance),250,627871159.000000
Ours (covariance),250,3285609012.000000
Ours (covariance),250,438456552.000000
Ours (covariance),250,491256801.000000
Ours (covariance),250,429528429.000000
Ours (covariance),250,1946295392.000000
Ours (covariance),250,466570038.000000
Ours (covariance),250,1080227173.000000
Ours (covariance),250,545247784.000000
Ours (covariance),250,1080335183.000000
Ours (covariance),250,1159598031.000000
Ours (covariance),250,786556202.000000
Ours (covariance),250,6932473451.000000
Ours (covariance),250,483467977.000000
Ours (covariance),250,516105885.000000
Ours (covariance),250,748793018.000000
Ours (covariance),250,463589396.000000
Ours (covariance),250,615149982.000000
Ours (covariance),250,449853862.000000
Ours (covariance),250,478924748.000000
Ours (covariance),250,3893972191.000000
Ours (covariance),250,472667523.000000
Ours (covariance),250,523853785.000000
Ours (covariance),250,436626031.000000
Ours (covariance),250,704617264.000000
Ours (covariance),250,651804277.000000
Ours (covariance),250,636275017.000000
Ours (covariance),250,644169679.000000
Ours (covariance),250,518281096.000000
Ours (covariance),250,611429299.000000
Ours (covariance),250,17139394743.000000
Ours (covariance),250,426257782.000000
Ours (covariance),250,735777172.000000
Ours (covariance),250,694078194.000000
Ours (covariance),250,513196948.000000
Ours (covariance),250,510631990.000000
Ours (covariance),250,428864708.000000
Ours (covariance),250,456421961.000000
Ours (covariance),250,472446080.000000
Ours (covariance),250,842633464.000000
Ours (covariance),250,494050363.000000
Ours (covariance),250,482697335.000000
Ours (covariance),250,4640896382.000000
Ours (covariance),250,509878980.000000
Ours (covariance),250,474484645.000000
Ours (covariance),250,479817507.000000
Ours (covariance),250,549502170.000000
Ours (covariance),250,490993280.000000
Ours (covariance),250,452769500.000000
Ours (covariance),250,472537508.000000
Ours (covariance),250,446793044.000000
Ours (covariance),250,509382913.000000
Ours (covariance),250,545103052.000000
Ours (covariance),250,555136036.000000
Ours (covariance),250,879752916.000000
Ours (covariance),250,639432088.000000
Ours (covariance),250,512572186.000000
Ours (covariance),250,1016894688.000000
Ours (covariance),250,427806275.000000
Ours (covariance),250,486551591.000000
Ours (covariance),250,469452101.000000
Ours (covariance),250,570306544.000000
Ours (covariance),250,484180449.000000
Ours (covariance),250,451150897.000000
Ours (covariance),250,515890381.000000
Ours (covariance),250,544689860.000000
Ours (covariance),250,630052037.000000
Ours (covariance),250,437926692.000000
Ours (covariance),500,468623043.000000
Ours (covariance),500,500918540.000000
Ours (covariance),500,399516115.000000
Ours (covariance),500,431894087.000000
Ours (covariance),500,482115145.000000
Ours (covariance),500,512511047.000000
Ours (covariance),500,455881299.000000
Ours (covariance),500,998742634.000000
Ours (covariance),500,410764791.000000
Ours (covariance),500,470182351.000000
Ours (covariance),500,523873883.000000
Ours (covariance),500,3074957827.000000
Ours (covariance),500,472908109.000000
Ours (covariance),500,933704211.000000
Ours (covariance),500,769452766.000000
Ours (covariance),500,945363522.000000
Ours (covariance),500,500435426.000000
Ours (covariance),500,698700420.000000
Ours (covariance),500,760602199.000000
Ours (covariance),500,518371938.000000
Ours (covariance),500,460419715.000000
Ours (covariance),500,415547434.000000
Ours (covariance),500,517126847.000000
Ours (covariance),500,447341240.000000
Ours (covariance),500,522745324.000000
Ours (covariance),500,421809531.000000
Ours (covariance),500,558730282.000000
Ours (covariance),500,462879534.000000
Ours (covariance),500,481155172.000000
Ours (covariance),500,537643117.000000
Ours (covariance),500,541970222.000000
Ours (covariance),500,499791420.000000
Ours (covariance),500,2957155242.000000
Ours (covariance),500,459066632.000000
Ours (covariance),500,437526499.000000
Ours (covariance),500,9031977787.000000
Ours (covariance),500,444987642.000000
Ours (covariance),500,743749912.000000
Ours (covariance),500,1351231903.000000
Ours (covariance),500,556661210.000000
Ours (covariance),500,845169904.000000
Ours (covariance),500,570531749.000000
Ours (covariance),500,510077647.000000
Ours (covariance),500,3863231491.000000
Ours (covariance),500,467034822.000000
Ours (covariance),500,473432279.000000
Ours (covariance),500,703962957.000000
Ours (covariance),500,413920748.000000
Ours (covariance),500,3664065851.000000
Ours (covariance),500,665385060.000000
Ours (covariance),500,488171419.000000
Ours (covariance),500,687688378.000000
Ours (covariance),500,444055889.000000
Ours (covariance),500,815250096.000000
Ours (covariance),500,505594724.000000
Ours (covariance),500,894933630.000000
Ours (covariance),500,435603863.000000
Ours (covariance),500,553885668.000000
Ours (covariance),500,435726115.000000
Ours (covariance),500,507761325.000000
Ours (covariance),500,488183609.000000
Ours (covariance),500,1353576012.000000
Ours (covariance),500,408910133.000000
Ours (covariance),500,7189677280.000000
Ours (covariance),500,924873013.000000
Ours (covariance),500,503823097.000000
Ours (covariance),500,745427743.000000
Ours (covariance),500,453751386.000000
Ours (covariance),500,486576503.000000
Ours (covariance),500,449263918.000000
Ours (covariance),500,444056373.000000
Ours (covariance),500,549006647.000000
Ours (covariance),500,443564179.000000
Ours (covariance),500,14709231453.000000
Ours (covariance),500,498334127.000000
Ours (covariance),500,7013120313.000000
Ours (covariance),500,410261201.000000
Ours (covariance),500,471660539.000000
Ours (covariance),500,585684714.000000
Ours (covariance),500,453845349.000000
Ours (covariance),500,518184222.000000
Ours (covariance),500,517254926.000000
Ours (covariance),500,1093701299.000000
Ours (covariance),500,768184466.000000
Ours (covariance),500,490175418.000000
Ours (covariance),500,561594627.000000
Ours (covariance),500,455557886.000000
Ours (covariance),500,496893334.000000
Ours (covariance),500,484355359.000000
Ours (covariance),500,903060783.000000
Ours (covariance),500,521353740.000000
Ours (covariance),500,646941253.000000
Ours (covariance),500,441637692.000000
Ours (covariance),500,545838265.000000
Ours (covariance),500,441750314.000000
Ours (covariance),500,423061178.000000
Ours (covariance),500,545009462.000000
Ours (covariance),500,545508136.000000
Ours (covariance),500,460330745.000000
Ours (covariance),500,480347393.000000
Ours (covariance),1000,632450896.000000
Ours (covariance),1000,458279977.000000
Ours (covariance),1000,479616135.000000
Ours (covariance),1000,433269845.000000
Ours (covariance),1000,924819347.000000
Ours (covariance),1000,514150661.000000
Ours (covariance),1000,511448107.000000
Ours (covariance),1000,527600202.000000
Ours (covariance),1000,618290244.000000
Ours (covariance),1000,480769329.000000
Ours (covariance),1000,851406271.000000
Ours (covariance),1000,469950585.000000
Ours (covariance),1000,460189646.000000
Ours (covariance),1000,463409757.000000
Ours (covariance),1000,504529805.000000
Ours (covariance),1000,479430472.000000
Ours (covariance),1000,438141332.000000
Ours (covariance),1000,397658189.000000
Ours (covariance),1000,438913718.000000
Ours (covariance),1000,502140291.000000
Ours (covariance),1000,539231609.000000
Ours (covariance),1000,935533323.000000
Ours (covariance),1000,583963242.000000
Ours (covariance),1000,377318182.000000
Ours (covariance),1000,503592681.000000
Ours (covariance),1000,421162830.000000
Ours (covariance),1000,507951655.000000
Ours (covariance),1000,441886249.000000
Ours (covariance),1000,599703068.000000
Ours (covariance),1000,528939073.000000
Ours (covariance),1000,539402595.000000
Ours (covariance),1000,484198615.000000
Ours (covariance),1000,505073580.000000
Ours (covariance),1000,439474241.000000
Ours (covariance),1000,425770315.000000
Ours (covariance),1000,462875650.000000
Ours (covariance),1000,1075057948.000000
Ours (covariance),1000,491860387.000000
Ours (covariance),1000,678384881.000000
Ours (covariance),1000,500960513.000000
Ours (covariance),1000,500166067.000000
Ours (covariance),1000,444175785.000000
Ours (covariance),1000,571709406.000000
Ours (covariance),1000,1991811219.000000
Ours (covariance),1000,6436065167.000000
Ours (covariance),1000,1269484387.000000
Ours (covariance),1000,9757820512.000000
Ours (covariance),1000,548581731.000000
Ours (covariance),1000,863550022.000000
Ours (covariance),1000,479438775.000000
Ours (covariance),1000,452464196.000000
Ours (covariance),1000,413157823.000000
Ours (covariance),1000,517178938.000000
Ours (covariance),1000,455437980.000000
Ours (covariance),1000,488632251.000000
Ours (covariance),1000,434946965.000000
Ours (covariance),1000,538884325.000000
Ours (covariance),1000,473907393.000000
Ours (covariance),1000,526212242.000000
Ours (covariance),1000,477786886.000000
Ours (covariance),1000,529032873.000000
Ours (covariance),1000,421739113.000000
Ours (covariance),1000,1133775232.000000
Ours (covariance),1000,435733617.000000
Ours (covariance),1000,487552016.000000
Ours (covariance),1000,441026977.000000
Ours (covariance),1000,500959739.000000
Ours (covariance),1000,449656349.000000
Ours (covariance),1000,406893622.000000
Ours (covariance),1000,1593840682.000000
Ours (covariance),1000,477744184.000000
Ours (covariance),1000,452439633.000000
Ours (covariance),1000,436026052.000000
Ours (covariance),1000,454970311.000000
Ours (covariance),1000,413273902.000000
Ours (covariance),1000,753688245.000000
Ours (covariance),1000,658708240.000000
Ours (covariance),1000,454451917.000000
Ours (covariance),1000,954398083.000000
Ours (covariance),1000,563728516.000000
Ours (covariance),1000,470614970.000000
Ours (covariance),1000,479834170.000000
Ours (covariance),1000,756382603.000000
Ours (covariance),1000,650665691.000000
Ours (covariance),1000,444807456.000000
Ours (covariance),1000,479758160.000000
Ours (covariance),1000,495879191.000000
Ours (covariance),1000,459034418.000000
Ours (covariance),1000,9946615924.000000
Ours (covariance),1000,1092054883.000000
Ours (covariance),1000,443385547.000000
Ours (covariance),1000,9118631449.000000
Ours (covariance),1000,2957710775.000000
Ours (covariance),1000,17192750731.000000
Ours (covariance),1000,570689604.000000
Ours (covariance),1000,502524996.000000
Ours (covariance),1000,489217130.000000
Ours (covariance),1000,517963915.000000
Ours (covariance),1000,488428786.000000
Ours (covariance),1000,509742153.000000
Ours (covariance),2500,434897285.000000
Ours (covariance),2500,520771402.000000
Ours (covariance),2500,455352721.000000
Ours (covariance),2500,488795873.000000
Ours (covariance),2500,483417199.000000
Ours (covariance),2500,484344357.000000
Ours (covariance),2500,525303651.000000
Ours (covariance),2500,617752199.000000
Ours (covariance),2500,476923786.000000
Ours (covariance),2500,760118479.000000
Ours (covariance),2500,518141929.000000
Ours (covariance),2500,488542972.000000
Ours (covariance),2500,627973078.000000
Ours (covariance),2500,454823924.000000
Ours (covariance),2500,469974223.000000
Ours (covariance),2500,470710151.000000
Ours (covariance),2500,470817764.000000
Ours (covariance),2500,665749839.000000
Ours (covariance),2500,956724356.000000
Ours (covariance),2500,510558113.000000
Ours (covariance),2500,409789765.000000
Ours (covariance),2500,473401240.000000
Ours (covariance),2500,856931289.000000
Ours (covariance),2500,450490651.000000
Ours (covariance),2500,469332112.000000
Ours (covariance),2500,894760358.000000
Ours (covariance),2500,543213116.000000
Ours (covariance),2500,484732248.000000
Ours (covariance),2500,461335971.000000
Ours (covariance),2500,432869821.000000
Ours (covariance),2500,431263022.000000
Ours (covariance),2500,387990671.000000
Ours (covariance),2500,514361280.000000
Ours (covariance),2500,694115050.000000
Ours (covariance),2500,526181114.000000
Ours (covariance),2500,475722155.000000
Ours (covariance),2500,581200548.000000
Ours (covariance),2500,441151723.000000
Ours (covariance),2500,753505360.000000
Ours (covariance),2500,439113806.000000
Ours (covariance),2500,544183542.000000
Ours (covariance),2500,667074898.000000
Ours (covariance),2500,486105110.000000
Ours (covariance),2500,489189316.000000
Ours (covariance),2500,1147477537.000000
Ours (covariance),2500,677686676.000000
Ours (covariance),2500,505653348.000000
Ours (covariance),2500,460845165.000000
Ours (covariance),2500,502670002.000000
Ours (covariance),2500,454433329.000000
Ours (covariance),2500,1959472648.000000
Ours (covariance),2500,592320345.000000
Ours (covariance),2500,478035203.000000
Ours (covariance),2500,500560128.000000
Ours (covariance),2500,990649166.000000
Ours (covariance),2500,551598380.000000
Ours (covariance),2500,820942541.000000
Ours (covariance),2500,738404231.000000
Ours (covariance),2500,493148729.000000
Ours (covariance),2500,1001973061.000000
Ours (covariance),2500,443328553.000000
Ours (covariance),2500,447087296.000000
Ours (covariance),2500,512080772.000000
Ours (covariance),2500,615244399.000000
Ours (covariance),2500,476812117.000000
Ours (covariance),2500,484885451.000000
Ours (covariance),2500,457161740.000000
Ours (covariance),2500,462138417.000000
Ours (covariance),2500,408954249.000000
Ours (covariance),2500,519110586.000000
Ours (covariance),2500,477910862.000000
Ours (covariance),2500,494557017.000000
Ours (covariance),2500,464530668.000000
Ours (covariance),2500,460707032.000000
Ours (covariance),2500,704615445.000000
Ours (covariance),2500,565874228.000000
Ours (covariance),2500,536142422.000000
Ours (covariance),2500,469105746.000000
Ours (covariance),2500,424765743.000000
Ours (covariance),2500,534134775.000000
Ours (covariance),2500,689188438.000000
Ours (covariance),2500,1018584025.000000
Ours (covariance),2500,452800165.000000
Ours (covariance),2500,516004041.000000
Ours (covariance),2500,528969829.000000
Ours (covariance),2500,974419324.000000
Ours (covariance),2500,425529207.000000
Ours (covariance),2500,519468846.000000
Ours (covariance),2500,539647073.000000
Ours (covariance),2500,500797702.000000
Ours (covariance),2500,408466272.000000
Ours (covariance),2500,472291659.000000
Ours (covariance),2500,584012158.000000
Ours (covariance),2500,501239614.000000
Ours (covariance),2500,493650558.000000
Ours (covariance),2500,451130780.000000
Ours (covariance),2500,522889908.000000
Ours (covariance),2500,470094877.000000
Ours (covariance),2500,461469131.000000
Ours (covariance),2500,564517545.000000
Ours (covariance),5000,521894141.000000
Ours (covariance),5000,806788975.000000
Ours (covariance),5000,4682606411.000000
Ours (covariance),5000,750550203.000000
Ours (covariance),5000,968040470.000000
Ours (covariance),5000,498963827.000000
Ours (covariance),5000,433625494.000000
Ours (covariance),5000,607825031.000000
Ours (covariance),5000,479418642.000000
Ours (covariance),5000,543710009.000000
Ours (covariance),5000,470229565.000000
Ours (covariance),5000,588671411.000000
Ours (covariance),5000,527954664.000000
Ours (covariance),5000,1071553661.000000
Ours (covariance),5000,464837657.000000
Ours (covariance),5000,477221509.000000
Ours (covariance),5000,518150376.000000
Ours (covariance),5000,455336406.000000
Ours (covariance),5000,680735952.000000
Ours (covariance),5000,501762213.000000
Ours (covariance),5000,2993320638.000000
Ours (covariance),5000,526010289.000000
Ours (covariance),5000,414068223.000000
Ours (covariance),5000,579143288.000000
Ours (covariance),5000,472905774.000000
Ours (covariance),5000,514913334.000000
Ours (covariance),5000,470723103.000000
Ours (covariance),5000,481082744.000000
Ours (covariance),5000,469971055.000000
Ours (covariance),5000,448042856.000000
Ours (covariance),5000,445908281.000000
Ours (covariance),5000,452276845.000000
Ours (covariance),5000,388024213.000000
Ours (covariance),5000,458469028.000000
Ours (covariance),5000,441149736.000000
Ours (covariance),5000,458937076.000000
Ours (covariance),5000,458541205.000000
Ours (covariance),5000,489980248.000000
Ours (covariance),5000,404052395.000000
Ours (covariance),5000,514609032.000000
Ours (covariance),5000,537211927.000000
Ours (covariance),5000,949227259.000000
Ours (covariance),5000,483188623.000000
Ours (covariance),5000,1004438654.000000
Ours (covariance),5000,485396782.000000
Ours (covariance),5000,446067935.000000
Ours (covariance),5000,503379053.000000
Ours (covariance),5000,441260110.000000
Ours (covariance),5000,3859196535.000000
Ours (covariance),5000,595050716.000000
Ours (covariance),5000,556980334.000000
Ours (covariance),5000,555557401.000000
Ours (covariance),5000,1009901284.000000
Ours (covariance),5000,632960402.000000
Ours (covariance),5000,652387598.000000
Ours (covariance),5000,586708741.000000
Ours (covariance),5000,477913441.000000
Ours (covariance),5000,497317721.000000
Ours (covariance),5000,939050562.000000
Ours (covariance),5000,1060049623.000000
Ours (covariance),5000,489528212.000000
Ours (covariance),5000,3122268803.000000
Ours (covariance),5000,498915568.000000
Ours (covariance),5000,553299412.000000
Ours (covariance),5000,470248995.000000
Ours (covariance),5000,737429244.000000
Ours (covariance),5000,2724048187.000000
Ours (covariance),5000,408130788.000000
Ours (covariance),5000,502963297.000000
Ours (covariance),5000,478440078.000000
Ours (covariance),5000,477107757.000000
Ours (covariance),5000,442912833.000000
Ours (covariance),5000,570626151.000000
Ours (covariance),5000,453326584.000000
Ours (covariance),5000,466795507.000000
Ours (covariance),5000,509035496.000000
Ours (covariance),5000,515762018.000000
Ours (covariance),5000,428908779.000000
Ours (covariance),5000,408480637.000000
Ours (covariance),5000,9147129041.000000
Ours (covariance),5000,465754539.000000
Ours (covariance),5000,469264057.000000
Ours (covariance),5000,10314213217.000000
Ours (covariance),5000,3084049627.000000
Ours (covariance),5000,607635365.000000
Ours (covariance),5000,500353150.000000
Ours (covariance),5000,442093171.000000
Ours (covariance),5000,502846900.000000
Ours (covariance),5000,590475103.000000
Ours (covariance),5000,482553918.000000
Ours (covariance),5000,450636459.000000
Ours (covariance),5000,409399428.000000
Ours (covariance),5000,517562892.000000
Ours (covariance),5000,476085381.000000
Ours (covariance),5000,442752274.000000
Ours (covariance),5000,2834732086.000000
Ours (covariance),5000,444423091.000000
Ours (covariance),5000,456279432.000000
Ours (covariance),5000,462702067.000000
Ours (covariance),5000,495622415.000000
